2021-12-22T00:15:00Z,3.6,0
2021-12-22T01:05:00Z,3.7,0
2021-12-22T02:15:00Z,3.6,0
2021-12-22T03:05:00Z,3.7,0
2021-12-22T04:15:00Z,3.6,0
2021-12-22T05:05:00Z,3.6,0
2021-12-22T06:00:00Z,3.7,0
2021-12-22T07:00:00Z,3.7,0
2021-12-22T08:00:00Z,3.7,0
2021-12-22T09:05:00Z,3.6,0
2021-12-22T10:05:00Z,3.6,0
2021-12-22T11:10:00Z,3.7,0
2021-12-22T12:05:00Z,3.7,0
2021-12-22T13:10:00Z,3.7,0
2021-12-22T14:10:00Z,3.6,0
2021-12-22T15:00:00Z,3.7,0
2021-12-22T16:20:00Z,3.6,0
2021-12-22T17:00:00Z,3.7,0
2021-12-22T18:10:00Z,3.6,0
2021-12-22T19:00:00Z,3.6,0
2021-12-22T20:00:00Z,3.6,0
2021-12-22T21:05:00Z,3.6,0
2021-12-22T22:05:00Z,3.6,0
2021-12-23T00:30:00Z,3.6,0
2021-12-23T01:10:00Z,3.6,0
2021-12-23T02:05:00Z,3.6,0
2021-12-23T03:05:00Z,3.6,0
2021-12-23T04:00:00Z,3.6,0
2021-12-23T05:05:00Z,3.7,0
2021-12-23T06:05:00Z,3.6,0
2021-12-23T07:25:00Z,3.6,0
2021-12-23T08:00:00Z,3.6,0
2021-12-23T09:20:00Z,3.5,0
2021-12-23T10:05:00Z,3.5,0
2021-12-23T11:40:00Z,3.5,0
2021-12-23T12:05:00Z,3.6,0
2021-12-23T13:25:00Z,3.6,0
2021-12-23T14:25:00Z,3.6,0
2021-12-23T15:05:00Z,3.7,0
2021-12-23T16:15:00Z,3.5,0
2021-12-23T17:00:00Z,3.5,0
2021-12-23T18:00:00Z,3.6,0
2021-12-23T19:35:00Z,3.6,0
2021-12-23T20:20:00Z,3.5,0
2021-12-23T21:20:00Z,3.6,0
2021-12-23T22:10:00Z,3.6,0
2021-12-24T00:00:00Z,3.5,0
2021-12-24T01:00:00Z,3.5,0
2021-12-24T02:50:00Z,3.6,0
2021-12-24T03:30:00Z,3.5,0
2021-12-24T04:00:00Z,3.5,0
2021-12-24T05:00:00Z,3.6,0
2021-12-24T06:05:00Z,3.6,0
2021-12-24T07:00:00Z,3.5,0
2021-12-24T08:00:00Z,3.6,0
2021-12-24T09:10:00Z,3.6,0
2021-12-24T10:00:00Z,3.6,0
2021-12-24T11:05:00Z,3.6,0
2021-12-24T12:00:00Z,3.6,0
2021-12-24T13:00:00Z,3.7,0
2021-12-24T14:00:00Z,3.6,0
2021-12-24T15:10:00Z,3.5,0
2021-12-24T16:15:00Z,3.7,0
2021-12-24T17:00:00Z,3.5,0
2021-12-24T18:05:00Z,3.7,0
2021-12-24T19:00:00Z,3.7,0
2021-12-24T20:10:00Z,3.9,0
2021-12-24T21:00:00Z,3.9,0
2021-12-24T22:05:00Z,3.6,0
2021-12-25T00:10:00Z,3.6,0
2021-12-25T01:00:00Z,3.6,0
2021-12-25T02:00:00Z,3.6,0
2021-12-25T03:00:00Z,3.6,0
2021-12-25T04:20:00Z,3.6,0
2021-12-25T05:40:00Z,3.5,0
2021-12-25T06:00:00Z,3.5,0
2021-12-25T07:05:00Z,3.5,0
2021-12-25T08:05:00Z,3.5,0
2021-12-25T09:05:00Z,3.6,0
2021-12-25T10:00:00Z,3.7,0
2021-12-25T11:00:00Z,3.6,0
2021-12-25T12:30:00Z,3.6,0
2021-12-25T13:05:00Z,3.6,0
2021-12-25T14:00:00Z,3.6,0
2021-12-25T15:25:00Z,3.5,0
2021-12-25T16:00:00Z,3.5,0
2021-12-25T17:10:00Z,3.6,0
2021-12-25T18:20:00Z,3.5,0
2021-12-25T19:10:00Z,3.6,0
2021-12-25T20:00:00Z,3.5,0
2021-12-25T21:10:00Z,3.5,0
2021-12-25T22:15:00Z,3.6,0
2021-12-25T23:00:00Z,3.5,0
2021-12-26T00:00:00Z,3.5,0
2021-12-26T01:05:00Z,3.5,0
2021-12-26T02:00:00Z,3.6,0
2021-12-26T03:45:00Z,3.5,0
2021-12-26T04:10:00Z,3.6,0
2021-12-26T05:25:00Z,3.5,0
2021-12-26T06:05:00Z,3.6,0
2021-12-26T07:00:00Z,3.5,0
2021-12-26T08:00:00Z,3.5,0
2021-12-26T09:00:00Z,3.6,0
2021-12-26T10:20:00Z,3.4,0
2021-12-26T11:10:00Z,3.4,0
2021-12-26T12:05:00Z,3.5,0
2021-12-26T13:00:00Z,3.6,0
2021-12-26T14:00:00Z,3.8,0
2021-12-26T15:00:00Z,3.7,0
2021-12-26T16:00:00Z,3.8,0
2021-12-26T17:00:00Z,3.7,0
2021-12-26T18:00:00Z,3.7,0
2021-12-26T19:05:00Z,3.7,0
2021-12-26T20:45:00Z,3.5,0
2021-12-26T21:00:00Z,3.6,0
2021-12-26T22:15:00Z,3.8,0
2021-12-27T00:15:00Z,3.7,0
2021-12-27T01:05:00Z,3.7,0
2021-12-27T02:00:00Z,3.6,0
2021-12-27T03:00:00Z,3.5,0
2021-12-27T04:10:00Z,3.6,0
2021-12-27T05:00:00Z,3.6,0
2021-12-27T06:45:00Z,3.6,0
2021-12-27T07:00:00Z,3.6,0
2021-12-27T08:00:00Z,3.6,0
2021-12-27T09:05:00Z,3.7,0
2021-12-27T10:00:00Z,3.6,0
2021-12-27T11:05:00Z,3.6,0
2021-12-27T12:35:00Z,3.7,0
2021-12-27T13:25:00Z,3.7,0
2021-12-27T14:20:00Z,3.6,0
2021-12-27T15:15:00Z,3.7,0
2021-12-27T16:25:00Z,3.5,0
2021-12-27T17:10:00Z,3.5,0
2021-12-27T18:05:00Z,3.5,0
2021-12-27T19:00:00Z,3.6,0
2021-12-27T20:00:00Z,3.6,0
2021-12-27T21:10:00Z,3.6,0
2021-12-27T22:10:00Z,3.6,0
2021-12-28T00:20:00Z,3.6,0
2021-12-28T01:00:00Z,3.6,0
2021-12-28T02:00:00Z,3.5,0
2021-12-28T03:20:00Z,3.5,0
2021-12-28T04:30:00Z,3.5,0
2021-12-28T05:05:00Z,3.6,0
2021-12-28T06:00:00Z,3.5,0
2021-12-28T07:00:00Z,3.6,0
2021-12-28T08:25:00Z,3.6,0
2021-12-28T09:15:00Z,3.5,0
2021-12-28T10:10:00Z,3.5,0
2021-12-28T11:00:00Z,3.3,0
2021-12-28T12:00:00Z,3.3,0
2021-12-28T13:00:00Z,3.4,0
2021-12-28T14:00:00Z,3.6,0
2021-12-28T15:10:00Z,3.6,0
2021-12-28T16:05:00Z,3.7,0
2021-12-28T17:10:00Z,3.6,0
2021-12-28T18:00:00Z,3.6,0
2021-12-28T19:05:00Z,3.7,0
2021-12-28T20:05:00Z,3.6,0
2021-12-28T21:50:00Z,3.6,0
2021-12-28T22:00:00Z,3.6,0
2021-12-28T23:00:00Z,3.6,0
2021-12-29T00:25:00Z,3.6,0
2021-12-29T01:15:00Z,3.5,0
2021-12-29T02:00:00Z,3.6,0
2021-12-29T03:00:00Z,3.5,0
2021-12-29T04:10:00Z,3.5,0
2021-12-29T05:05:00Z,3.5,0
2021-12-29T06:00:00Z,3.6,0
2021-12-29T07:05:00Z,3.6,0
2021-12-29T08:20:00Z,3.7,0
2021-12-29T09:00:00Z,3.7,0
2021-12-29T10:05:00Z,3.8,0
2021-12-29T11:55:00Z,3.8,0
2021-12-29T12:00:00Z,3.8,0
2021-12-29T13:05:00Z,3.8,0
2021-12-29T14:10:00Z,3.7,0
2021-12-29T15:15:00Z,3.7,0
2021-12-29T16:05:00Z,3.8,0
2021-12-29T17:10:00Z,3.8,0
2021-12-29T18:10:00Z,3.7,0
2021-12-29T19:00:00Z,3.8,0
2021-12-29T20:30:00Z,3.8,0
2021-12-29T21:40:00Z,3.7,0
2021-12-29T22:00:00Z,3.7,0
2021-12-30T00:00:00Z,3.7,0
2021-12-30T01:05:00Z,3.8,0
2021-12-30T02:05:00Z,3.7,0
2021-12-30T03:00:00Z,3.7,0
2021-12-30T04:00:00Z,3.7,0
2021-12-30T05:00:00Z,3.6,0
2021-12-30T06:00:00Z,3.6,0
2021-12-30T07:00:00Z,3.8,0
2021-12-30T08:00:00Z,3.7,0
2021-12-30T09:00:00Z,3.7,0
2021-12-30T10:10:00Z,3.8,0
2021-12-30T11:15:00Z,3.8,0
2021-12-30T12:05:00Z,3.7,0
2021-12-30T13:05:00Z,3.7,0
2021-12-30T14:00:00Z,3.7,0
2021-12-30T15:50:00Z,3.7,0
2021-12-30T16:00:00Z,3.6,0
2021-12-30T17:20:00Z,3.8,0
2021-12-30T18:15:00Z,3.7,0
2021-12-30T19:05:00Z,3.7,0
2021-12-30T20:05:00Z,3.8,0
2021-12-30T21:25:00Z,3.7,0
2021-12-30T22:05:00Z,3.7,0
2021-12-30T23:00:00Z,3.7,0
2021-12-31T00:00:00Z,3.6,0
2021-12-31T01:05:00Z,3.6,0
2021-12-31T02:00:00Z,3.6,0
2021-12-31T03:00:00Z,3.7,0
2021-12-31T04:10:00Z,3.6,0
2021-12-31T05:10:00Z,3.6,0
2021-12-31T06:45:00Z,3.7,0
2021-12-31T07:10:00Z,3.6,0
2021-12-31T08:00:00Z,3.6,0
2021-12-31T09:00:00Z,3.6,0
2021-12-31T10:05:00Z,3.6,0
2021-12-31T11:00:00Z,3.6,0
2021-12-31T12:20:00Z,3.6,0
2021-12-31T13:00:00Z,3.6,0
2021-12-31T14:10:00Z,3.6,0
2021-12-31T15:15:00Z,3.6,0
2021-12-31T16:00:00Z,3.7,0
2021-12-31T17:15:00Z,3.6,0
2021-12-31T18:00:00Z,3.6,0
2021-12-31T19:00:00Z,3.6,0
2021-12-31T20:05:00Z,3.6,0
2021-12-31T21:00:00Z,3.5,0
2021-12-31T22:00:00Z,3.5,0
2021-12-31T23:00:00Z,3.5,0
2022-03-01T00:40:00Z,3.3,0
2022-03-01T00:45:00Z,3.4,0
2022-03-01T00:50:00Z,3.3,0
2022-03-01T01:00:00Z,3.4,0
2022-03-01T01:10:00Z,3.3,0
2022-03-01T01:20:00Z,3.4,0
2022-03-01T01:25:00Z,3.3,0
2022-03-01T01:30:00Z,3.4,0
2022-03-01T01:50:00Z,3.3,0
2022-03-01T01:55:00Z,3.4,0
2022-03-01T02:05:00Z,3.4,0
2022-03-01T02:10:00Z,3.3,0
2022-03-01T02:20:00Z,3.4,0
2022-03-01T02:25:00Z,3.3,0
2022-03-01T02:45:00Z,3.4,0
2022-03-01T02:55:00Z,3.3,0
2022-03-01T03:05:00Z,3.4,0
2022-03-01T03:10:00Z,3.4,0
2022-03-01T03:15:00Z,3.4,0
2022-03-01T03:25:00Z,3.4,0
2022-03-01T03:45:00Z,3.4,0
2022-03-02T00:00:00Z,3.4,0
2022-03-02T00:05:00Z,3.3,0
2022-03-02T00:10:00Z,3.3,0
2022-03-02T00:25:00Z,3.4,0
2022-03-02T00:30:00Z,3.3,0
2022-03-02T00:40:00Z,3.3,0
2022-03-02T00:45:00Z,3.4,0
2022-03-02T00:50:00Z,3.4,0
2022-03-02T00:55:00Z,3.4,0
2022-03-02T01:00:00Z,3.3,0
2022-03-02T01:10:00Z,3.4,0
2022-03-02T01:15:00Z,3.4,0
2022-03-02T01:20:00Z,3.4,0
2022-03-02T01:50:00Z,3.4,0
2022-03-02T01:55:00Z,3.3,0
2022-03-02T02:00:00Z,3.4,0
2022-03-02T02:05:00Z,3.5,0
2022-03-02T02:10:00Z,3.4,0
2022-03-02T02:15:00Z,3.3,0
2022-03-02T02:20:00Z,3.4,0
2022-03-02T02:35:00Z,3.4,0
2022-03-02T02:40:00Z,3.4,0
2022-03-02T02:45:00Z,3.3,0
2022-03-02T03:00:00Z,3.4,0
2022-03-02T03:05:00Z,3.5,0
2022-03-02T03:10:00Z,3.3,0
2022-03-02T03:15:00Z,3.4,0
2022-03-02T03:25:00Z,3.3,0
2022-03-02T03:45:00Z,3.4,0
2022-03-02T03:50:00Z,3.4,0
2022-03-02T04:05:00Z,3.4,0
2022-03-02T04:10:00Z,3.3,0
2022-03-02T04:20:00Z,3.4,0
2022-03-02T04:25:00Z,3.3,0
2022-03-02T04:45:00Z,3.4,0
2022-03-02T04:55:00Z,3.4,0
2022-03-02T05:00:00Z,3.4,0
2022-03-02T05:05:00Z,3.3,0
2022-03-02T05:10:00Z,3.4,0
2022-03-02T05:20:00Z,3.4,0
2022-03-02T05:25:00Z,3.3,0
2022-03-02T05:30:00Z,3.4,0
2022-03-02T05:40:00Z,3.4,0
2022-03-02T05:45:00Z,3.4,0
2022-03-02T06:00:00Z,3.4,0
2022-03-02T06:10:00Z,3.3,0
2022-03-02T06:20:00Z,3.4,0
2022-03-02T06:35:00Z,3.3,0
2022-03-02T06:45:00Z,3.4,0
2022-03-02T07:00:00Z,3.3,0
2022-03-02T07:05:00Z,3.4,0
2022-03-02T07:15:00Z,3.3,0
2022-03-02T07:20:00Z,3.4,0
2022-03-02T07:25:00Z,3.3,0
2022-03-02T07:35:00Z,3.4,0
2022-03-02T07:40:00Z,3.4,0
2022-03-02T08:15:00Z,3.4,0
2022-03-02T08:20:00Z,3.4,0
2022-03-02T08:50:00Z,3.4,0
2022-03-02T08:55:00Z,3.4,0
2022-03-02T09:20:00Z,3.3,0
2022-03-02T09:25:00Z,3.4,0
2022-03-02T09:30:00Z,3.3,0
2022-03-02T09:45:00Z,3.4,0
2022-03-02T09:50:00Z,3.4,0
2022-03-02T09:55:00Z,3.4,0
2022-03-03T00:00:00Z,3.4,0
2022-03-03T00:05:00Z,3.4,0
2022-03-03T00:10:00Z,3.4,0
2022-03-03T00:30:00Z,3.3,0
2022-03-03T00:35:00Z,3.4,0
2022-03-03T00:55:00Z,3.3,0
2022-03-03T01:00:00Z,3.4,0
2022-03-03T01:35:00Z,3.3,0
2022-03-03T02:30:00Z,3.3,0
2022-03-03T02:35:00Z,3.4,0
2022-03-03T02:40:00Z,3.3,0
2022-03-03T03:10:00Z,3.3,0
2022-03-03T03:15:00Z,3.4,0
2022-03-03T03:45:00Z,3.4,0
2022-03-03T03:50:00Z,3.3,0
2022-03-03T03:55:00Z,3.3,0
2022-03-03T04:25:00Z,3.4,0
2022-03-03T05:05:00Z,3.3,0
2022-03-03T05:15:00Z,3.4,0
2022-03-03T05:20:00Z,3.3,0
2022-03-03T05:30:00Z,3.4,0
2022-03-03T05:40:00Z,3.3,0
2022-03-03T06:05:00Z,3.4,0
2022-03-03T06:15:00Z,3.3,0
2022-03-03T06:30:00Z,3.4,0
2022-03-03T06:40:00Z,3.3,0
2022-03-03T06:50:00Z,3.4,0
2022-03-03T06:55:00Z,3.4,0
2022-03-03T07:00:00Z,3.4,0
2022-03-03T07:10:00Z,3.3,0
2022-03-03T07:20:00Z,3.4,0
2022-03-03T07:25:00Z,3.3,0
2022-03-03T07:35:00Z,3.4,0
2022-03-03T07:55:00Z,3.4,0
2022-03-03T08:00:00Z,3.3,0
2022-03-04T00:05:00Z,3.3,0
2022-03-04T00:10:00Z,3.3,0
2022-03-04T00:25:00Z,3.3,0
2022-03-04T00:30:00Z,3.3,0
2022-03-04T00:35:00Z,3.3,0
2022-03-04T00:40:00Z,3.3,0
2022-03-04T01:05:00Z,3.3,0
2022-03-04T01:25:00Z,3.4,0
2022-03-04T01:30:00Z,3.3,0
2022-03-04T02:00:00Z,3.3,0
2022-03-04T02:20:00Z,3.3,0
2022-03-04T02:30:00Z,3.3,0
2022-03-04T02:35:00Z,3.3,0
2022-03-04T02:45:00Z,3.3,0
2022-03-04T03:00:00Z,3.3,0
2022-03-04T03:20:00Z,3.3,0
2022-03-04T03:25:00Z,3.4,0
2022-03-04T03:30:00Z,3.3,0
2022-03-04T03:35:00Z,3.4,0
2022-03-04T03:40:00Z,3.3,0
2022-03-04T03:45:00Z,3.3,0
2022-03-04T03:50:00Z,3.3,0
2022-03-04T04:00:00Z,3.4,0
2022-03-04T04:10:00Z,3.3,0
2022-03-04T04:15:00Z,3.3,0
2022-03-04T04:40:00Z,3.4,0
2022-03-04T04:45:00Z,3.3,0
2022-03-04T04:55:00Z,3.4,0
2022-03-04T05:00:00Z,3.4,0
2022-03-04T05:05:00Z,3.3,0
2022-03-04T05:15:00Z,3.4,0
2022-03-04T05:20:00Z,3.3,0
2022-03-04T05:25:00Z,3.3,0
2022-03-04T05:30:00Z,3.4,0
2022-03-04T05:35:00Z,3.3,0
2022-03-04T05:45:00Z,3.4,0
2022-03-04T05:50:00Z,3.3,0
2022-03-04T05:55:00Z,3.4,0
2022-03-04T06:00:00Z,3.3,0
2022-03-04T06:05:00Z,3.3,0
2022-03-04T06:10:00Z,3.3,0
2022-03-04T06:15:00Z,3.4,0
2022-03-04T06:25:00Z,3.3,0
2022-03-04T06:40:00Z,3.5,0
2022-03-04T06:45:00Z,3.4,0
2022-03-04T06:50:00Z,3.3,0
2022-03-04T07:00:00Z,3.3,0
2022-03-04T07:05:00Z,3.4,0
2022-03-04T07:10:00Z,3.3,0
2022-03-04T07:20:00Z,3.4,0
2022-03-04T07:25:00Z,3.3,0
2022-03-04T07:35:00Z,3.4,0
2022-03-04T07:40:00Z,3.3,0
2022-03-04T07:45:00Z,3.4,0
2022-03-04T07:50:00Z,3.3,0
2022-03-04T07:55:00Z,3.4,0
2022-03-04T08:00:00Z,3.3,0
2022-03-04T08:05:00Z,3.4,0
2022-03-04T08:10:00Z,3.3,0
2022-03-04T08:25:00Z,3.4,0
2022-03-04T08:30:00Z,3.3,0
2022-03-04T08:35:00Z,3.4,0
2022-03-04T08:40:00Z,3.3,0
2022-03-04T08:45:00Z,3.3,0
2022-03-04T08:50:00Z,3.4,0
2022-03-04T08:55:00Z,3.5,0
2022-03-04T09:05:00Z,3.4,0
2022-03-04T09:15:00Z,3.4,0
2022-03-04T09:20:00Z,3.5,0
2022-03-04T09:25:00Z,3.4,0
2022-03-04T09:30:00Z,3.5,0
2022-03-04T09:35:00Z,3.3,0
2022-03-04T09:40:00Z,3.4,0
2022-03-04T09:55:00Z,3.4,0
2022-03-05T00:00:00Z,3.5,0
2022-03-05T00:05:00Z,3.5,0
2022-03-05T00:20:00Z,3.4,0
2022-03-05T00:25:00Z,3.5,0
2022-03-05T00:30:00Z,3.4,0
2022-03-05T00:55:00Z,3.5,0
2022-03-05T01:05:00Z,3.5,0
2022-03-05T01:20:00Z,3.4,0
2022-03-05T01:25:00Z,3.4,0
2022-03-05T01:30:00Z,3.4,0
2022-03-05T01:35:00Z,3.5,0
2022-03-05T01:40:00Z,3.5,0
2022-03-05T01:45:00Z,3.4,0
2022-03-05T01:50:00Z,3.4,0
2022-03-05T02:05:00Z,3.4,0
2022-03-05T02:10:00Z,3.5,0
2022-03-05T02:15:00Z,3.4,0
2022-03-05T02:20:00Z,3.5,0
2022-03-05T02:25:00Z,3.4,0
2022-03-05T03:00:00Z,3.4,0
2022-03-05T03:05:00Z,3.4,0
2022-03-05T03:10:00Z,3.4,0
2022-03-05T03:15:00Z,3.4,0
2022-03-05T03:25:00Z,3.5,0
2022-03-05T03:35:00Z,3.4,0
2022-03-05T04:20:00Z,3.5,0
2022-03-05T04:35:00Z,3.4,0
2022-03-05T04:55:00Z,3.5,0
2022-03-05T05:00:00Z,3.4,0
2022-03-05T05:10:00Z,3.4,0
2022-03-05T05:15:00Z,3.4,0
2022-03-05T05:40:00Z,3.5,0
2022-03-05T05:45:00Z,3.4,0
2022-03-05T06:20:00Z,3.5,0
2022-03-05T06:25:00Z,3.4,0
2022-03-05T06:30:00Z,3.5,0
2022-03-05T06:35:00Z,3.4,0
2022-03-05T06:40:00Z,3.4,0
2022-03-05T07:00:00Z,3.4,0
2022-03-05T07:20:00Z,3.4,0
2022-03-05T07:25:00Z,3.4,0
2022-03-05T07:35:00Z,3.4,0
2022-03-05T07:50:00Z,3.5,0
2022-03-05T07:55:00Z,3.4,0
2022-03-05T08:00:00Z,3.5,0
2022-03-05T08:15:00Z,3.5,0
2022-03-05T08:20:00Z,3.4,0
2022-03-05T08:25:00Z,3.5,0
2022-03-05T08:30:00Z,3.4,0
2022-03-05T08:35:00Z,3.5,0
2022-03-05T08:40:00Z,3.4,0
2022-03-05T08:45:00Z,3.4,0
2022-03-05T08:50:00Z,3.4,0
2022-03-05T09:35:00Z,3.5,0
2022-03-05T09:45:00Z,3.4,0
2022-03-05T09:55:00Z,3.5,0
2022-03-06T00:40:00Z,3.4,0
2022-03-06T00:45:00Z,3.4,0
2022-03-06T00:50:00Z,3.3,0
2022-03-06T01:10:00Z,3.4,0
2022-03-06T01:15:00Z,3.4,0
2022-03-06T01:30:00Z,3.3,0
2022-03-06T01:40:00Z,3.4,0
2022-03-06T01:45:00Z,3.4,0
2022-03-06T01:50:00Z,3.4,0
2022-03-06T01:55:00Z,3.4,0
2022-03-06T02:00:00Z,3.4,0
2022-03-06T02:15:00Z,3.3,0
2022-03-06T02:25:00Z,3.4,0
2022-03-06T02:35:00Z,3.4,0
2022-03-06T02:40:00Z,3.3,0
2022-03-06T02:50:00Z,3.4,0
2022-03-06T03:05:00Z,3.3,0
2022-03-06T03:15:00Z,3.4,0
2022-03-06T03:20:00Z,3.3,0
2022-03-06T03:30:00Z,3.4,0
2022-03-06T03:45:00Z,3.3,0
2022-03-06T03:50:00Z,3.4,0
2022-03-06T03:55:00Z,3.4,0
2022-03-06T04:00:00Z,3.3,0
2022-03-06T04:05:00Z,3.4,0
2022-03-06T04:10:00Z,3.3,0
2022-03-06T04:15:00Z,3.4,0
2022-03-06T04:25:00Z,3.4,0
2022-03-06T04:35:00Z,3.3,0
2022-03-06T04:40:00Z,3.4,0
2022-03-06T04:45:00Z,3.4,0
2022-03-06T04:50:00Z,3.4,0
2022-03-06T04:55:00Z,3.4,0
2022-03-06T05:10:00Z,3.4,0
2022-03-06T05:35:00Z,3.3,0
2022-03-06T05:40:00Z,3.4,0
2022-03-06T05:45:00Z,3.3,0
2022-03-06T05:50:00Z,3.4,0
2022-03-06T06:00:00Z,3.5,0
2022-03-06T06:05:00Z,3.4,0
2022-03-06T06:20:00Z,3.4,0
2022-03-06T06:25:00Z,3.4,0
2022-03-06T06:30:00Z,3.4,0
2022-03-06T06:50:00Z,3.5,0
2022-03-06T06:55:00Z,3.4,0
2022-03-06T07:00:00Z,3.4,0
2022-03-06T07:05:00Z,3.3,0
2022-03-06T07:15:00Z,3.4,0
2022-03-06T07:25:00Z,3.4,0
2022-03-06T07:35:00Z,3.4,0
2022-03-06T07:40:00Z,3.4,0
2022-03-06T07:45:00Z,3.5,0
2022-03-06T07:50:00Z,3.4,0
2022-03-06T07:55:00Z,3.3,0
2022-03-06T08:00:00Z,3.5,0
2022-03-06T08:05:00Z,3.4,0
2022-03-06T08:30:00Z,3.4,0
2022-03-06T08:40:00Z,3.4,0
2022-03-06T08:45:00Z,3.4,0
2022-03-06T08:55:00Z,3.4,0
2022-03-06T09:05:00Z,3.4,0
2022-03-06T09:35:00Z,3.4,0
2022-03-06T09:45:00Z,3.3,0
2022-03-06T09:55:00Z,3.4,0
2022-03-07T00:10:00Z,3.4,0
2022-03-07T00:15:00Z,3.4,0
2022-03-07T00:35:00Z,3.4,0
2022-03-07T00:40:00Z,3.4,0
2022-03-07T00:55:00Z,3.4,0
2022-03-07T01:20:00Z,3.4,0
2022-03-07T01:25:00Z,3.4,0
2022-03-07T01:40:00Z,3.5,0
2022-03-07T01:45:00Z,3.4,0
2022-03-07T01:50:00Z,3.5,0
2022-03-07T01:55:00Z,3.4,0
2022-03-08T00:00:00Z,3.5,0
2022-03-08T00:05:00Z,3.4,0
2022-03-08T00:15:00Z,3.4,0
2022-03-08T00:20:00Z,3.4,0
2022-03-08T00:50:00Z,3.5,0
2022-03-08T00:55:00Z,3.4,0
2022-03-08T01:00:00Z,3.4,0
2022-03-08T01:05:00Z,3.4,0
2022-03-08T01:10:00Z,3.4,0
2022-03-08T02:10:00Z,3.4,0
2022-03-08T02:20:00Z,3.4,0
2022-03-08T02:25:00Z,3.5,0
2022-03-08T02:30:00Z,3.4,0
2022-03-08T02:35:00Z,3.5,0
2022-03-08T02:40:00Z,3.4,0
2022-03-08T02:50:00Z,3.4,0
2022-03-08T03:10:00Z,3.5,0
2022-03-08T03:15:00Z,3.4,0
2022-03-08T03:25:00Z,3.4,0
2022-03-08T03:30:00Z,3.5,0
2022-03-08T03:40:00Z,3.4,0
2022-03-08T03:50:00Z,3.5,0
2022-03-08T03:55:00Z,3.4,0
2022-03-09T00:20:00Z,3.4,0
2022-03-09T00:25:00Z,3.3,0
2022-03-09T00:50:00Z,3.4,0
2022-03-09T01:00:00Z,3.3,0
2022-03-09T01:05:00Z,3.4,0
2022-03-09T01:15:00Z,3.3,0
2022-03-09T01:25:00Z,3.4,0
2022-03-09T01:45:00Z,3.3,0
2022-03-09T01:55:00Z,3.4,0
2022-03-09T02:20:00Z,3.3,0
2022-03-09T02:25:00Z,3.4,0
2022-03-09T02:45:00Z,3.4,0
2022-03-09T03:00:00Z,3.4,0
2022-03-09T03:05:00Z,3.4,0
2022-03-09T03:40:00Z,3.4,0
2022-03-09T03:45:00Z,3.3,0
2022-03-09T03:50:00Z,3.4,0
2022-03-09T03:55:00Z,3.4,0
2022-03-09T04:55:00Z,3.4,0
2022-03-09T05:05:00Z,3.5,0
2022-03-09T05:10:00Z,3.4,0
2022-03-09T05:15:00Z,3.3,0
2022-03-09T05:30:00Z,3.4,0
2022-03-09T05:45:00Z,3.3,0
2022-03-09T05:50:00Z,3.4,0
2022-03-09T05:55:00Z,3.3,0
2022-03-09T06:10:00Z,3.4,0
2022-03-09T06:20:00Z,3.3,0
2022-03-09T06:25:00Z,3.5,0
2022-03-09T06:30:00Z,3.4,0
2022-03-09T06:50:00Z,3.3,0
2022-03-09T06:55:00Z,3.4,0
2022-03-09T07:00:00Z,3.4,0
2022-03-09T07:10:00Z,3.3,0
2022-03-09T07:15:00Z,3.4,0
2022-03-09T07:40:00Z,3.4,0
2022-03-09T07:55:00Z,3.4,0
2022-03-09T08:05:00Z,3.4,0
2022-03-09T08:10:00Z,3.4,0
2022-03-09T08:15:00Z,3.4,0
2022-03-09T08:20:00Z,3.4,0
2022-03-09T08:25:00Z,3.3,0
2022-03-09T08:30:00Z,3.4,0
2022-03-09T08:45:00Z,3.3,0
2022-03-09T09:00:00Z,3.4,0
2022-03-09T09:05:00Z,3.3,0
2022-03-09T09:15:00Z,3.4,0
2022-03-09T09:20:00Z,3.4,0
2022-03-09T09:25:00Z,3.3,0
2022-03-09T09:30:00Z,3.4,0
2022-03-09T09:40:00Z,3.3,0
2022-03-09T09:50:00Z,3.4,0
2022-03-09T10:00:00Z,3.4,0
2022-03-10T00:15:00Z,3.3,0
2022-03-10T00:20:00Z,3.4,0
2022-03-10T00:25:00Z,3.4,0
2022-03-10T00:30:00Z,3.3,0
2022-03-10T00:35:00Z,3.4,0
2022-03-10T01:25:00Z,3.4,0
2022-03-10T01:30:00Z,3.3,0
2022-03-10T01:35:00Z,3.3,0
2022-03-10T01:40:00Z,3.4,0
2022-03-10T01:45:00Z,3.3,0
2022-03-10T01:50:00Z,3.3,0
2022-03-10T02:20:00Z,3.4,0
2022-03-10T02:30:00Z,3.3,0
2022-03-10T02:35:00Z,3.4,0
2022-03-10T02:40:00Z,3.3,0
2022-03-10T02:45:00Z,3.4,0
2022-03-10T02:50:00Z,3.3,0
2022-03-10T02:55:00Z,3.4,0
2022-03-10T03:10:00Z,3.4,0
2022-03-10T03:35:00Z,3.4,0
2022-03-10T04:05:00Z,3.4,0
2022-03-10T04:15:00Z,3.4,0
2022-03-10T04:20:00Z,3.3,0
2022-03-10T04:25:00Z,3.4,0
2022-03-10T04:30:00Z,3.4,0
2022-03-10T04:35:00Z,3.4,0
2022-03-10T04:45:00Z,3.4,0
2022-03-10T04:50:00Z,3.4,0
2022-03-10T05:05:00Z,3.4,0
2022-03-10T05:35:00Z,3.4,0
2022-03-10T05:40:00Z,3.4,0
2022-03-10T05:55:00Z,3.4,0
2022-03-10T06:00:00Z,3.3,0
2022-03-10T06:10:00Z,3.4,0
2022-03-10T06:15:00Z,3.4,0
2022-03-10T06:20:00Z,3.3,0
2022-03-10T06:30:00Z,3.4,0
2022-03-10T06:40:00Z,3.4,0
2022-03-10T06:50:00Z,3.4,0
2022-03-10T06:55:00Z,3.4,0
2022-03-10T07:00:00Z,3.3,0
2022-03-10T07:05:00Z,3.4,0
2022-03-10T07:10:00Z,3.4,0
2022-03-10T07:35:00Z,3.3,0
2022-03-10T07:40:00Z,3.4,0
2022-03-10T07:45:00Z,3.4,0
2022-03-10T08:05:00Z,3.5,0
2022-03-10T08:10:00Z,3.4,0
2022-03-10T08:15:00Z,3.4,0
2022-03-10T08:20:00Z,3.3,0
2022-03-10T08:30:00Z,3.4,0
2022-03-10T08:45:00Z,3.4,0
2022-03-10T09:00:00Z,3.4,0
2022-03-10T09:15:00Z,3.4,0
2022-03-10T09:20:00Z,3.4,0
2022-03-10T09:30:00Z,3.3,0
2022-03-10T09:35:00Z,3.4,0
2022-03-10T10:10:00Z,3.4,0
2022-03-10T10:40:00Z,3.4,0
2022-03-10T10:55:00Z,3.5,0
2022-03-10T11:05:00Z,3.4,0
2022-03-10T11:10:00Z,3.4,0
2022-03-10T11:15:00Z,3.4,0
2022-03-10T11:20:00Z,3.4,0
2022-03-10T11:25:00Z,3.4,0
2022-03-10T11:35:00Z,3.5,0
2022-03-10T11:40:00Z,3.4,0
2022-03-10T11:50:00Z,3.4,0
2022-03-10T12:00:00Z,3.5,0
2022-03-10T12:05:00Z,3.4,0
2022-03-10T12:10:00Z,3.4,0
2022-03-10T12:15:00Z,3.4,0
2022-03-10T12:45:00Z,3.3,0
2022-03-10T12:50:00Z,3.5,0
2022-03-10T12:55:00Z,3.4,0
2022-03-10T13:00:00Z,3.5,0
2022-03-10T13:05:00Z,3.4,0
2022-03-10T13:10:00Z,3.4,0
2022-03-10T13:20:00Z,3.4,0
2022-03-10T13:30:00Z,3.3,0
2022-03-10T13:40:00Z,3.4,0
2022-03-10T13:45:00Z,3.3,0
2022-03-10T13:55:00Z,3.4,0
2022-03-10T14:00:00Z,3.4,0
2022-03-10T14:10:00Z,3.5,0
2022-03-10T14:15:00Z,3.3,0
2022-03-10T14:20:00Z,3.4,0
2022-03-10T14:25:00Z,3.3,0
2022-03-10T14:30:00Z,3.4,0
2022-03-10T14:50:00Z,3.4,0
2022-03-10T15:15:00Z,3.3,0
2022-03-10T15:20:00Z,3.4,0
2022-03-10T15:30:00Z,3.3,0
2022-03-10T15:45:00Z,3.4,0
2022-03-10T15:55:00Z,3.4,0
2022-03-10T16:00:00Z,3.3,0
2022-03-10T16:05:00Z,3.4,0
2022-03-10T16:10:00Z,3.3,0
2022-03-10T16:20:00Z,3.4,0
2022-03-10T16:25:00Z,3.3,0
2022-03-10T16:45:00Z,3.4,0
2022-03-10T16:50:00Z,3.3,0
2022-03-10T17:20:00Z,3.4,0
2022-03-10T17:25:00Z,3.4,0
2022-03-10T17:35:00Z,3.3,0
2022-03-10T17:40:00Z,3.4,0
2022-03-10T17:50:00Z,3.3,0
2022-03-10T18:00:00Z,3.4,0
2022-03-10T18:15:00Z,3.3,0
2022-03-10T18:20:00Z,3.4,0
2022-03-10T18:55:00Z,3.4,0
2022-03-10T19:00:00Z,3.4,0
2022-03-10T19:10:00Z,3.4,0
2022-03-10T19:15:00Z,3.3,0
2022-03-10T19:20:00Z,3.4,0
2022-03-10T19:25:00Z,3.4,0
2022-03-10T19:30:00Z,3.4,0
2022-03-10T19:40:00Z,3.3,0
2022-03-10T19:45:00Z,3.3,0
2022-03-10T19:55:00Z,3.4,0
2022-03-10T20:00:00Z,3.3,0
2022-03-10T20:10:00Z,3.5,0
2022-03-10T20:15:00Z,3.3,0
2022-03-10T20:35:00Z,3.4,0
2022-03-10T21:10:00Z,3.3,0
2022-03-10T21:25:00Z,3.4,0
2022-03-10T21:30:00Z,3.4,0
2022-03-10T21:35:00Z,3.3,0
2022-03-10T21:40:00Z,3.4,0
2022-03-10T21:45:00Z,3.3,0
2022-03-10T22:00:00Z,3.4,0
2022-03-11T00:05:00Z,3.4,0
2022-03-11T00:10:00Z,3.5,0
2022-03-11T00:15:00Z,3.3,0
2022-03-11T00:20:00Z,3.4,0
2022-03-11T00:35:00Z,3.4,0
2022-03-11T00:40:00Z,3.4,0
2022-03-11T00:50:00Z,3.4,0
2022-03-11T00:55:00Z,3.3,0
2022-03-11T01:00:00Z,3.4,0
2022-03-11T01:05:00Z,3.3,0
2022-03-11T01:10:00Z,3.4,0
2022-03-11T01:35:00Z,3.4,0
2022-03-11T01:40:00Z,3.4,0
2022-03-11T01:50:00Z,3.4,0
2022-03-11T01:55:00Z,3.4,0
2022-03-11T02:05:00Z,3.4,0
2022-03-11T02:20:00Z,3.4,0
2022-03-11T02:30:00Z,3.4,0
2022-03-11T02:35:00Z,3.3,0
2022-03-11T02:45:00Z,3.4,0
2022-03-11T02:50:00Z,3.4,0
2022-03-11T02:55:00Z,3.3,0
2022-03-11T03:10:00Z,3.4,0
2022-03-11T03:15:00Z,3.4,0
2022-03-11T03:20:00Z,3.4,0
2022-03-11T03:25:00Z,3.4,0
2022-03-11T03:30:00Z,3.3,0
2022-03-11T03:35:00Z,3.4,0
2022-03-11T03:55:00Z,3.3,0
2022-03-11T04:00:00Z,3.5,0
2022-03-11T04:05:00Z,3.4,0
2022-03-11T04:10:00Z,3.4,0
2022-03-11T04:20:00Z,3.4,0
2022-03-11T04:50:00Z,3.4,0
2022-03-11T04:55:00Z,3.4,0
2022-03-11T05:20:00Z,3.4,0
2022-03-11T05:25:00Z,3.4,0
2022-03-11T05:30:00Z,3.4,0
2022-03-11T05:45:00Z,3.4,0
2022-03-11T05:50:00Z,3.4,0
2022-03-11T06:00:00Z,3.5,0
2022-03-11T06:05:00Z,3.4,0
2022-03-11T06:10:00Z,3.3,0
2022-03-11T06:15:00Z,3.4,0
2022-03-11T06:35:00Z,3.3,0
2022-03-11T06:40:00Z,3.4,0
2022-03-11T06:45:00Z,3.4,0
2022-03-11T07:05:00Z,3.4,0
2022-03-11T07:15:00Z,3.3,0
2022-03-11T07:20:00Z,3.4,0
2022-03-11T07:35:00Z,3.3,0
2022-03-11T07:40:00Z,3.4,0
2022-03-11T07:45:00Z,3.4,0
2022-03-11T07:50:00Z,3.4,0
2022-03-11T07:55:00Z,3.3,0
2022-03-11T08:05:00Z,3.4,0
2022-03-11T08:30:00Z,3.4,0
2022-03-11T08:35:00Z,3.4,0
2022-03-11T08:50:00Z,3.4,0
2022-03-11T09:00:00Z,3.4,0
2022-03-11T09:10:00Z,3.4,0
2022-03-11T09:20:00Z,3.5,0
2022-03-11T09:30:00Z,3.4,0
2022-03-11T09:35:00Z,3.3,0
2022-03-11T09:45:00Z,3.4,0
2022-03-12T00:00:00Z,3.5,0
2022-03-12T00:15:00Z,3.5,0
2022-03-12T00:25:00Z,3.5,0
2022-03-12T00:30:00Z,3.5,0
2022-03-12T00:45:00Z,3.4,0
2022-03-12T00:50:00Z,3.6,0
2022-03-12T00:55:00Z,3.5,0
2022-03-12T01:15:00Z,3.5,0
2022-03-12T01:20:00Z,3.5,0
2022-03-12T01:30:00Z,3.5,0
2022-03-12T01:35:00Z,3.4,0
2022-03-12T01:40:00Z,3.5,0
2022-03-12T01:50:00Z,3.4,0
2022-03-12T01:55:00Z,3.5,0
2022-03-12T02:00:00Z,3.4,0
2022-03-12T02:15:00Z,3.5,0
2022-03-12T02:20:00Z,3.4,0
2022-03-12T02:30:00Z,3.5,0
2022-03-12T02:45:00Z,3.4,0
2022-03-12T03:00:00Z,3.5,0
2022-03-12T03:05:00Z,3.4,0
2022-03-12T03:15:00Z,3.5,0
2022-03-12T03:45:00Z,3.4,0
2022-03-12T04:00:00Z,3.5,0
2022-03-12T04:05:00Z,3.4,0
2022-03-12T04:10:00Z,3.4,0
2022-03-12T04:15:00Z,3.4,0
2022-03-12T04:25:00Z,3.5,0
2022-03-12T04:30:00Z,3.4,0
2022-03-12T04:45:00Z,3.4,0
2022-03-12T04:50:00Z,3.4,0
2022-03-12T04:55:00Z,3.5,0
2022-03-12T05:00:00Z,3.4,0
2022-03-12T05:10:00Z,3.5,0
2022-03-12T05:15:00Z,3.4,0
2022-03-12T05:40:00Z,3.4,0
2022-03-12T05:55:00Z,3.4,0
2022-03-13T00:10:00Z,3.3,0
2022-03-13T00:15:00Z,3.4,0
2022-03-13T00:25:00Z,3.3,0
2022-03-13T00:30:00Z,3.4,0
2022-03-13T00:45:00Z,3.4,0
2022-03-13T00:50:00Z,3.4,0
2022-03-13T01:15:00Z,3.3,0
2022-03-13T01:25:00Z,3.4,0
2022-03-13T01:30:00Z,3.3,0
2022-03-13T01:40:00Z,3.4,0
2022-03-13T01:55:00Z,3.3,0
2022-03-13T02:15:00Z,3.4,0
2022-03-13T03:00:00Z,3.3,0
2022-03-13T03:05:00Z,3.4,0
2022-03-13T03:20:00Z,3.3,0
2022-03-13T03:55:00Z,3.4,0
2022-03-13T04:05:00Z,3.3,0
2022-03-13T04:15:00Z,3.5,0
2022-03-13T04:20:00Z,3.4,0
2022-03-13T04:35:00Z,3.3,0
2022-03-13T04:45:00Z,3.4,0
2022-03-13T04:50:00Z,3.3,0
2022-03-13T05:00:00Z,3.4,0
2022-03-13T05:50:00Z,3.3,0
2022-03-13T05:55:00Z,3.4,0
2022-03-13T06:00:00Z,3.3,0
2022-03-13T06:05:00Z,3.4,0
2022-03-13T06:10:00Z,3.5,0
2022-03-13T06:15:00Z,3.4,0
2022-03-13T06:20:00Z,3.3,0
2022-03-13T06:25:00Z,3.4,0
2022-03-13T06:30:00Z,3.4,0
2022-03-13T06:35:00Z,3.3,0
2022-03-13T06:40:00Z,3.4,0
2022-03-13T06:50:00Z,3.3,0
2022-03-13T06:55:00Z,3.4,0
2022-03-13T07:00:00Z,3.4,0
2022-03-13T07:05:00Z,3.4,0
2022-03-13T07:10:00Z,3.3,0
2022-03-13T07:15:00Z,3.4,0
2022-03-13T07:20:00Z,3.4,0
2022-03-13T08:00:00Z,3.4,0
2022-03-13T08:10:00Z,3.4,0
2022-03-13T08:15:00Z,3.4,0
2022-03-13T08:20:00Z,3.5,0
2022-03-13T08:25:00Z,3.3,0
2022-03-13T08:30:00Z,3.5,0
2022-03-13T08:35:00Z,3.4,0
2022-03-13T08:55:00Z,3.3,0
2022-03-13T09:05:00Z,3.4,0
2022-03-13T09:10:00Z,3.3,0
2022-03-13T09:25:00Z,3.4,0
2022-03-13T09:30:00Z,3.3,0
2022-03-13T09:35:00Z,3.5,0
2022-03-13T09:40:00Z,3.4,0
2022-03-13T09:50:00Z,3.5,0
2022-03-13T09:55:00Z,3.4,0
2022-03-14T00:05:00Z,3.4,0
2022-03-14T00:15:00Z,3.3,0
2022-03-14T00:25:00Z,3.4,0
2022-03-14T00:45:00Z,3.3,0
2022-03-14T00:50:00Z,3.4,0
2022-03-14T00:55:00Z,3.3,0
2022-03-14T01:05:00Z,3.4,0
2022-03-14T01:35:00Z,3.3,0
2022-03-14T01:40:00Z,3.3,0
2022-03-14T01:45:00Z,3.4,0
2022-03-14T01:50:00Z,3.4,0
2022-03-14T02:10:00Z,3.4,0
2022-03-14T02:15:00Z,3.4,0
2022-03-14T02:35:00Z,3.4,0
2022-03-14T02:40:00Z,3.3,0
2022-03-14T02:45:00Z,3.4,0
2022-03-14T03:00:00Z,3.4,0
2022-03-14T03:05:00Z,3.3,0
2022-03-14T03:10:00Z,3.5,0
2022-03-14T03:15:00Z,3.3,0
2022-03-14T03:25:00Z,3.4,0
2022-03-14T03:30:00Z,3.3,0
2022-03-14T03:35:00Z,3.4,0
2022-03-14T03:40:00Z,3.3,0
2022-03-14T03:45:00Z,3.4,0
2022-03-14T03:55:00Z,3.4,0
2022-03-14T04:00:00Z,3.4,0
2022-03-14T04:30:00Z,3.3,0
2022-03-14T04:40:00Z,3.4,0
2022-03-14T04:55:00Z,3.4,0
2022-03-14T05:00:00Z,3.4,0
2022-03-14T05:05:00Z,3.3,0
2022-03-14T05:10:00Z,3.4,0
2022-03-14T05:25:00Z,3.3,0
2022-03-14T05:40:00Z,3.4,0
2022-03-14T05:45:00Z,3.3,0
2022-03-14T05:50:00Z,3.3,0
2022-03-14T06:10:00Z,3.4,0
2022-03-14T06:15:00Z,3.3,0
2022-03-14T06:20:00Z,3.4,0
2022-03-14T06:25:00Z,3.4,0
2022-03-14T06:30:00Z,3.3,0
2022-03-14T06:40:00Z,3.4,0
2022-03-14T06:50:00Z,3.4,0
2022-03-14T06:55:00Z,3.3,0
2022-03-14T07:10:00Z,3.4,0
2022-03-14T07:20:00Z,3.3,0
2022-03-14T07:25:00Z,3.4,0
2022-03-14T07:35:00Z,3.3,0
2022-03-14T07:45:00Z,3.4,0
2022-03-14T08:30:00Z,3.4,0
2022-03-14T08:35:00Z,3.4,0
2022-03-14T08:40:00Z,3.3,0
2022-03-14T08:45:00Z,3.4,0
2022-03-14T08:50:00Z,3.4,0
2022-03-14T08:55:00Z,3.3,0
2022-03-14T09:05:00Z,3.4,0
2022-03-14T09:15:00Z,3.3,0
2022-03-14T09:20:00Z,3.3,0
2022-03-14T09:25:00Z,3.3,0
2022-03-14T09:30:00Z,3.3,0
2022-03-14T09:40:00Z,3.2,0
2022-03-14T09:50:00Z,3.1,0
2022-03-14T09:55:00Z,3.1,0
2022-03-14T10:00:00Z,3.0,0
2022-01-01T00:05:00Z,3.6,0
2022-01-01T01:15:00Z,3.5,0
2022-01-01T02:00:00Z,3.5,0
2022-01-01T03:15:00Z,3.5,0
2022-01-01T04:10:00Z,3.5,0
2022-01-01T05:10:00Z,3.5,0
2022-01-01T06:10:00Z,3.6,0
2022-01-01T07:10:00Z,3.5,0
2022-01-01T08:00:00Z,3.5,0
2022-01-01T09:55:00Z,3.6,0
2022-01-01T10:00:00Z,3.6,0
2022-01-01T11:20:00Z,3.5,0
2022-01-01T12:35:00Z,3.5,0
2022-01-01T13:00:00Z,3.6,0
2022-01-01T14:00:00Z,3.6,0
2022-01-01T15:00:00Z,3.6,0
2022-01-01T16:45:00Z,3.6,0
2022-01-01T17:00:00Z,3.6,0
2022-01-01T18:00:00Z,3.4,0
2022-01-01T19:10:00Z,3.2,0
2022-01-01T20:25:00Z,3.4,0
2022-01-01T21:00:00Z,3.4,0
2022-01-01T22:15:00Z,3.5,0
2022-01-01T23:10:00Z,3.5,0
2022-01-02T00:00:00Z,3.5,0
2022-01-02T01:20:00Z,3.5,0
2022-01-02T02:10:00Z,3.6,0
2022-01-02T03:00:00Z,3.7,0
2022-01-02T04:00:00Z,3.7,0
2022-01-02T05:20:00Z,3.5,0
2022-01-02T06:00:00Z,3.5,0
2022-01-02T07:00:00Z,3.6,0
2022-01-02T08:05:00Z,3.6,0
2022-01-02T09:05:00Z,3.5,0
2022-01-02T10:00:00Z,3.6,0
2022-01-02T11:20:00Z,3.5,0
2022-01-02T12:05:00Z,3.6,0
2022-01-02T13:20:00Z,3.6,0
2022-01-02T14:00:00Z,3.6,0
2022-01-02T15:20:00Z,3.7,0
2022-01-02T16:55:00Z,3.6,0
2022-01-02T17:00:00Z,3.7,0
2022-01-02T18:00:00Z,3.6,0
2022-01-02T19:00:00Z,3.6,0
2022-01-02T20:15:00Z,3.6,0
2022-01-02T21:20:00Z,3.7,0
2022-01-02T22:15:00Z,3.7,0
2022-01-02T23:00:00Z,3.8,0
2022-01-03T00:15:00Z,3.7,0
2022-01-03T01:05:00Z,3.7,0
2022-01-03T02:05:00Z,3.8,0
2022-01-03T03:10:00Z,3.6,0
2022-01-03T04:00:00Z,3.6,0
2022-01-03T05:00:00Z,3.7,0
2022-01-03T06:05:00Z,3.7,0
2022-01-03T07:05:00Z,3.6,0
2022-01-03T08:05:00Z,3.6,0
2022-01-03T09:00:00Z,3.6,0
2022-01-03T10:05:00Z,3.7,0
2022-01-03T11:00:00Z,3.7,0
2022-01-03T12:00:00Z,3.6,0
2022-01-03T13:00:00Z,3.6,0
2022-01-03T14:05:00Z,3.8,0
2022-01-03T15:05:00Z,3.8,0
2022-01-03T16:15:00Z,3.7,0
2022-01-03T17:00:00Z,3.8,0
2022-01-03T18:00:00Z,3.7,0
2022-01-03T19:05:00Z,3.7,0
2022-01-03T20:05:00Z,3.8,0
2022-01-03T21:00:00Z,3.9,0
2022-01-03T22:30:00Z,4.1,0
2022-01-03T23:00:00Z,3.9,0
2022-01-04T00:05:00Z,4.0,0
2022-01-04T01:00:00Z,4.0,0
2022-01-04T02:00:00Z,4.0,0
2022-01-04T03:00:00Z,4.2,0
2022-01-04T04:10:00Z,3.9,0
2022-01-04T05:00:00Z,4.0,0
2022-01-04T06:20:00Z,4.0,0
2022-01-04T07:00:00Z,4.0,0
2022-01-04T08:00:00Z,4.1,0
2022-01-04T09:05:00Z,4.0,0
2022-01-04T10:05:00Z,3.9,0
2022-01-04T11:05:00Z,4.0,0
2022-01-04T12:05:00Z,4.1,0
2022-01-04T13:00:00Z,4.0,0
2022-01-04T14:05:00Z,4.1,0
2022-01-04T15:15:00Z,4.1,0
2022-01-04T16:05:00Z,3.9,0
2022-01-04T17:00:00Z,4.1,0
2022-01-04T18:00:00Z,4.0,0
2022-01-04T19:55:00Z,4.1,0
2022-01-04T20:00:00Z,4.1,0
2022-01-04T21:00:00Z,4.1,0
2022-01-04T22:00:00Z,4.0,0
2022-01-04T23:00:00Z,4.1,0
2022-01-05T00:00:00Z,4.0,0
2022-01-05T01:00:00Z,4.0,0
2022-01-05T02:05:00Z,4.0,0
2022-01-05T03:15:00Z,3.9,0
2022-01-05T04:10:00Z,3.9,0
2022-01-05T05:50:00Z,4.0,0
2022-01-05T06:15:00Z,4.0,0
2022-01-05T07:05:00Z,4.0,0
2022-01-05T08:15:00Z,4.0,0
2022-01-05T09:00:00Z,3.9,0
2022-01-05T10:10:00Z,3.9,0
2022-01-05T11:55:00Z,4.1,0
2022-01-05T12:00:00Z,4.0,0
2022-01-05T13:00:00Z,4.0,0
2022-01-05T14:00:00Z,4.0,0
2022-01-05T15:00:00Z,4.0,0
2022-01-05T16:00:00Z,3.9,0
2022-01-05T17:05:00Z,3.9,0
2022-01-05T18:35:00Z,4.0,0
2022-01-05T19:00:00Z,3.9,0
2022-01-05T20:00:00Z,3.8,0
2022-01-05T21:00:00Z,3.9,0
2022-01-05T22:00:00Z,3.9,0
2022-01-05T23:00:00Z,3.9,0
2022-01-06T00:00:00Z,3.9,0
2022-01-06T01:00:00Z,3.8,0
2022-01-06T02:05:00Z,3.8,0
2022-01-06T03:05:00Z,3.9,0
2022-01-06T04:05:00Z,3.8,0
2022-01-06T05:05:00Z,3.9,0
2022-01-06T06:00:00Z,3.8,0
2022-01-06T07:15:00Z,3.9,0
2022-01-06T08:00:00Z,3.7,0
2022-01-06T09:00:00Z,3.8,0
2022-01-06T10:00:00Z,3.9,0
2022-01-06T11:00:00Z,3.8,0
2022-01-06T12:00:00Z,3.9,0
2022-01-06T13:00:00Z,3.8,0
2022-01-06T14:00:00Z,3.8,0
2022-01-06T15:15:00Z,3.3,0
2022-01-06T16:00:00Z,3.3,0
2022-01-06T17:00:00Z,3.1,0
2022-01-06T18:00:00Z,3.2,0
2022-01-06T19:05:00Z,3.3,0
2022-01-06T20:00:00Z,3.2,0
2022-01-06T21:00:00Z,3.3,0
2022-01-06T22:10:00Z,3.3,0
2022-01-06T23:00:00Z,3.3,0
2022-01-07T00:00:00Z,3.3,0
2022-01-07T01:00:00Z,3.2,0
2022-01-07T02:05:00Z,3.2,0
2022-01-07T03:10:00Z,3.3,0
2022-01-07T04:00:00Z,3.3,0
2022-01-07T05:05:00Z,3.3,0
2022-01-07T06:15:00Z,3.2,0
2022-01-07T07:45:00Z,3.3,0
2022-01-07T08:15:00Z,3.3,0
2022-01-07T09:00:00Z,3.2,0
2022-01-07T10:00:00Z,3.1,0
2022-01-07T11:00:00Z,3.1,0
2022-01-07T12:00:00Z,3.3,0
2022-01-07T13:00:00Z,3.3,0
2022-01-07T14:10:00Z,3.3,0
2022-01-07T15:05:00Z,3.2,0
2022-01-07T16:00:00Z,3.4,0
2022-01-07T17:15:00Z,3.4,0
2022-01-07T18:10:00Z,3.4,0
2022-01-07T19:05:00Z,3.6,0
2022-01-07T20:10:00Z,3.6,0
2022-01-07T21:00:00Z,3.4,0
2022-01-07T22:05:00Z,3.4,0
2022-01-07T23:00:00Z,3.4,0
2022-01-08T00:00:00Z,3.3,0
2022-01-08T01:15:00Z,3.4,0
2022-01-08T02:00:00Z,3.4,0
2022-01-08T03:00:00Z,3.4,0
2022-01-08T04:00:00Z,3.4,0
2022-01-08T05:00:00Z,3.4,0
2022-01-08T06:25:00Z,3.3,0
2022-01-08T07:00:00Z,3.4,0
2022-01-08T08:00:00Z,3.3,0
2022-01-08T09:15:00Z,3.4,0
2022-01-08T10:05:00Z,3.4,0
2022-01-08T11:00:00Z,3.5,0
2022-01-08T12:20:00Z,3.4,0
2022-01-08T13:00:00Z,3.6,0
2022-01-08T14:05:00Z,3.6,0
2022-01-08T15:10:00Z,3.8,0
2022-01-08T16:15:00Z,4.2,0
2022-01-08T17:00:00Z,4.8,0
2022-01-08T18:00:00Z,4.7,0
2022-01-08T19:00:00Z,4.5,0
2022-01-08T20:00:00Z,4.6,0
2022-01-08T21:00:00Z,4.8,0
2022-01-08T22:05:00Z,4.7,0
2022-01-08T23:10:00Z,4.6,0
2022-01-09T00:00:00Z,4.4,0
2022-01-09T01:00:00Z,4.5,0
2022-01-09T02:00:00Z,4.3,0
2022-01-09T03:00:00Z,4.2,0
2022-01-09T04:00:00Z,4.2,0
2022-01-09T05:10:00Z,4.1,0
2022-01-09T06:00:00Z,4.1,0
2022-01-09T07:00:00Z,4.0,0
2022-01-09T08:05:00Z,4.1,0
2022-01-09T09:00:00Z,4.1,0
2022-01-09T10:00:00Z,4.4,0
2022-01-09T11:15:00Z,4.4,0
2022-01-09T12:00:00Z,4.4,0
2022-01-09T13:05:00Z,4.2,0
2022-01-09T14:00:00Z,4.1,0
2022-01-09T15:00:00Z,4.0,0
2022-01-09T16:05:00Z,4.2,0
2022-01-09T17:30:00Z,4.1,0
2022-01-09T18:05:00Z,4.2,0
2022-01-09T19:05:00Z,4.3,0
2022-01-09T20:05:00Z,4.4,0
2022-01-09T21:05:00Z,4.4,0
2022-01-09T22:00:00Z,4.2,0
2022-01-09T23:00:00Z,4.2,0
2022-01-10T00:00:00Z,4.1,0
2022-01-10T01:00:00Z,4.1,0
2022-01-10T02:05:00Z,4.2,0
2022-01-10T03:00:00Z,4.1,0
2022-01-10T04:00:00Z,4.0,0
2022-01-10T05:00:00Z,4.0,0
2022-01-10T06:05:00Z,4.1,0
2022-01-10T07:10:00Z,3.9,0
2022-01-10T08:05:00Z,4.0,0
2022-01-10T09:05:00Z,4.1,0
2022-01-10T10:30:00Z,4.2,0
2022-01-10T11:00:00Z,4.2,0
2022-01-10T12:00:00Z,4.1,0
2022-01-10T13:00:00Z,4.1,0
2022-01-10T14:15:00Z,4.0,0
2022-01-10T15:00:00Z,4.0,0
2022-01-10T16:00:00Z,3.9,0
2022-01-10T17:00:00Z,3.9,0
2022-01-10T18:00:00Z,3.9,0
2022-01-10T19:05:00Z,3.8,0
2022-01-10T20:15:00Z,3.9,0
2022-01-10T21:00:00Z,3.9,0
2022-01-10T22:00:00Z,3.8,0
2022-01-10T23:00:00Z,3.9,0
2022-01-11T00:00:00Z,3.8,0
2022-01-11T01:00:00Z,3.9,0
2022-01-11T02:05:00Z,3.8,0
2022-01-11T03:20:00Z,3.9,0
2022-01-11T04:05:00Z,3.7,0
2022-01-11T05:00:00Z,3.7,0
2022-01-11T06:05:00Z,3.7,0
2022-01-11T07:00:00Z,3.7,0
2022-01-11T08:00:00Z,3.8,0
2022-01-11T09:00:00Z,3.7,0
2022-01-11T10:05:00Z,3.7,0
2022-01-11T11:00:00Z,3.7,0
2022-01-11T12:05:00Z,3.7,0
2022-01-11T13:00:00Z,3.8,0
2022-01-11T14:00:00Z,3.8,0
2022-01-11T15:00:00Z,3.8,0
2022-01-11T16:05:00Z,3.7,0
2022-01-11T17:00:00Z,3.6,0
2022-01-11T18:15:00Z,3.8,0
2022-01-11T19:00:00Z,3.7,0
2022-01-11T20:35:00Z,3.8,0
2022-01-11T21:05:00Z,3.7,0
2022-01-11T22:00:00Z,3.8,0
2022-01-11T23:00:00Z,3.7,0
2022-01-12T00:10:00Z,3.7,0
2022-01-12T01:05:00Z,3.6,0
2022-01-12T02:30:00Z,3.7,0
2022-01-12T03:00:00Z,3.6,0
2022-01-12T04:25:00Z,3.5,0
2022-01-12T05:00:00Z,3.6,0
2022-01-12T06:00:00Z,3.6,0
2022-01-12T07:05:00Z,3.6,0
2022-01-12T08:05:00Z,3.5,0
2022-01-12T09:00:00Z,3.7,0
2022-01-12T10:30:00Z,3.7,0
2022-01-12T11:05:00Z,3.7,0
2022-01-12T12:10:00Z,3.6,0
2022-01-12T13:00:00Z,3.6,0
2022-01-12T14:00:00Z,3.7,0
2022-01-12T15:05:00Z,3.7,0
2022-01-12T16:00:00Z,3.6,0
2022-01-12T17:00:00Z,3.6,0
2022-01-12T18:00:00Z,3.5,0
2022-01-12T19:00:00Z,3.5,0
2022-01-12T20:00:00Z,3.5,0
2022-01-12T21:10:00Z,3.5,0
2022-01-12T22:15:00Z,3.6,0
2022-01-12T23:00:00Z,3.6,0
2022-01-13T00:00:00Z,3.6,0
2022-01-13T01:25:00Z,3.6,0
2022-01-13T02:05:00Z,3.5,0
2022-01-13T03:00:00Z,3.6,0
2022-01-13T04:15:00Z,3.6,0
2022-01-13T05:05:00Z,3.5,0
2022-01-13T06:00:00Z,3.6,0
2022-01-13T07:25:00Z,3.5,0
2022-01-13T08:05:00Z,3.5,0
2022-01-13T09:25:00Z,3.6,0
2022-01-13T10:00:00Z,3.6,0
2022-01-13T11:00:00Z,3.7,0
2022-01-13T12:00:00Z,3.6,0
2022-01-13T13:25:00Z,3.7,0
2022-01-13T14:05:00Z,3.8,0
2022-01-13T15:00:00Z,3.6,0
2022-01-13T16:15:00Z,3.7,0
2022-01-13T17:15:00Z,3.7,0
2022-01-13T18:15:00Z,3.6,0
2022-01-13T19:15:00Z,3.6,0
2022-01-13T20:00:00Z,3.6,0
2022-01-13T21:00:00Z,3.6,0
2022-01-13T22:00:00Z,3.6,0
2022-01-13T23:10:00Z,3.6,0
2022-01-14T00:00:00Z,3.6,0
2022-01-14T01:00:00Z,3.6,0
2022-01-14T02:10:00Z,3.6,0
2022-01-14T03:10:00Z,3.6,0
2022-01-14T04:05:00Z,3.4,0
2022-01-14T05:00:00Z,3.5,0
2022-01-14T06:10:00Z,3.6,0
2022-01-14T07:15:00Z,3.6,0
2022-01-14T08:05:00Z,3.5,0
2022-01-14T09:10:00Z,3.7,0
2022-01-14T10:00:00Z,3.6,0
2022-01-14T11:35:00Z,3.5,0
2022-01-14T12:00:00Z,3.5,0
2022-01-14T13:00:00Z,3.5,0
2022-01-14T14:10:00Z,3.4,0
2022-01-14T15:00:00Z,3.5,0
2022-01-14T16:10:00Z,3.6,0
2022-01-14T17:25:00Z,3.6,0
2022-01-14T18:20:00Z,3.6,0
2022-01-14T19:00:00Z,3.6,0
2022-01-14T20:05:00Z,3.6,0
2022-01-14T21:00:00Z,3.5,0
2022-01-14T22:05:00Z,3.4,0
2022-01-14T23:25:00Z,3.4,0
2022-01-15T00:00:00Z,3.5,0
2022-01-15T01:00:00Z,3.4,0
2022-01-15T02:00:00Z,3.5,0
2022-01-15T03:00:00Z,3.5,0
2022-01-15T04:00:00Z,3.4,0
2022-01-15T05:05:00Z,3.4,0
2022-01-15T06:05:00Z,3.4,0
2022-01-15T07:25:00Z,3.5,0
2022-01-15T08:10:00Z,3.4,0
2022-01-15T09:10:00Z,3.5,0
2022-01-15T10:05:00Z,3.4,0
2022-01-15T11:05:00Z,3.5,0
2022-01-15T12:05:00Z,3.5,0
2022-01-15T13:00:00Z,3.4,0
2022-01-15T14:15:00Z,3.5,0
2022-01-15T15:00:00Z,3.5,0
2022-01-15T16:15:00Z,3.5,0
2022-01-15T17:05:00Z,3.4,0
2022-01-15T18:10:00Z,3.3,0
2022-01-15T19:00:00Z,3.4,0
2022-01-15T20:00:00Z,3.3,0
2022-01-15T21:00:00Z,3.3,0
2022-01-15T22:05:00Z,3.4,0
2022-01-15T23:10:00Z,3.4,0
2022-01-16T00:05:00Z,3.4,0
2022-01-16T01:05:00Z,3.3,0
2022-01-16T02:40:00Z,3.4,0
2022-01-16T03:00:00Z,3.3,0
2022-01-16T04:10:00Z,3.3,0
2022-01-16T05:00:00Z,3.3,0
2022-01-16T06:00:00Z,3.4,0
2022-01-16T07:05:00Z,3.3,0
2022-01-16T08:00:00Z,3.4,0
2022-01-16T09:00:00Z,3.4,0
2022-01-16T10:00:00Z,3.3,0
2022-01-16T11:05:00Z,3.4,0
2022-01-16T12:00:00Z,3.4,0
2022-01-16T13:15:00Z,3.3,0
2022-01-16T14:00:00Z,3.3,0
2022-01-16T15:00:00Z,3.3,0
2022-01-16T16:05:00Z,3.4,0
2022-01-16T17:05:00Z,3.3,0
2022-01-16T18:00:00Z,3.4,0
2022-01-16T19:00:00Z,3.4,0
2022-01-16T20:05:00Z,3.3,0
2022-01-16T21:05:00Z,3.3,0
2022-01-16T22:00:00Z,3.3,0
2022-01-16T23:10:00Z,3.3,0
2022-01-17T00:10:00Z,3.3,0
2022-01-17T01:20:00Z,3.3,0
2022-01-17T02:00:00Z,3.3,0
2022-01-17T03:10:00Z,3.3,0
2022-01-17T04:05:00Z,3.2,0
2022-01-17T05:10:00Z,3.3,0
2022-01-17T06:40:00Z,3.2,0
2022-01-17T07:00:00Z,3.2,0
2022-01-17T08:00:00Z,3.3,0
2022-01-17T09:00:00Z,3.4,0
2022-01-17T10:00:00Z,3.0,0
2022-01-17T11:15:00Z,3.0,0
2022-01-17T12:15:00Z,3.1,0
2022-01-17T13:05:00Z,3.2,0
2022-01-17T14:05:00Z,3.2,0
2022-01-17T15:00:00Z,3.3,0
2022-01-17T16:10:00Z,3.4,0
2022-01-17T17:00:00Z,3.3,0
2022-01-17T18:00:00Z,3.4,0
2022-01-17T19:05:00Z,3.5,0
2022-01-17T20:15:00Z,3.4,0
2022-01-17T21:05:00Z,3.5,0
2022-01-17T22:05:00Z,3.5,0
2022-01-17T23:00:00Z,3.4,0
2022-01-18T00:05:00Z,3.4,0
2022-01-18T01:10:00Z,3.3,0
2022-01-18T02:45:00Z,3.4,0
2022-01-18T03:10:00Z,3.4,0
2022-01-18T04:00:00Z,3.3,0
2022-01-18T05:00:00Z,3.3,0
2022-01-18T06:15:00Z,3.3,0
2022-01-18T07:00:00Z,3.4,0
2022-01-18T08:00:00Z,3.4,0
2022-01-18T09:05:00Z,3.3,0
2022-01-18T10:20:00Z,3.3,0
2022-01-18T11:00:00Z,3.4,0
2022-01-18T12:10:00Z,3.3,0
2022-01-18T13:15:00Z,3.3,0
2022-01-18T14:35:00Z,3.4,0
2022-01-18T15:00:00Z,3.3,0
2022-01-18T16:05:00Z,3.0,0
2022-01-18T17:05:00Z,3.0,0
2022-01-18T18:05:00Z,3.1,0
2022-01-18T19:05:00Z,3.2,0
2022-01-18T20:05:00Z,3.2,0
2022-01-18T21:15:00Z,3.3,0
2022-01-18T22:05:00Z,3.2,0
2022-01-18T23:05:00Z,3.3,0
2022-01-19T00:05:00Z,3.3,0
2022-01-19T01:00:00Z,3.2,0
2022-01-19T02:00:00Z,3.3,0
2022-01-19T03:00:00Z,3.2,0
2022-01-19T04:15:00Z,3.3,0
2022-01-19T05:00:00Z,3.3,0
2022-01-19T06:00:00Z,3.2,0
2022-01-19T07:05:00Z,3.3,0
2022-01-19T08:00:00Z,3.2,0
2022-01-19T09:05:00Z,3.3,0
2022-01-19T10:10:00Z,3.3,0
2022-01-19T11:00:00Z,3.2,0
2022-01-19T12:00:00Z,3.3,0
2022-01-19T13:10:00Z,3.2,0
2022-01-19T14:00:00Z,3.1,0
2022-01-19T15:00:00Z,3.2,0
2022-01-19T16:20:00Z,3.2,0
2022-01-19T17:10:00Z,3.4,0
2022-01-19T18:00:00Z,3.3,0
2022-01-19T19:00:00Z,3.5,0
2022-01-19T20:10:00Z,3.4,0
2022-01-19T21:05:00Z,3.3,0
2022-01-19T22:05:00Z,3.3,0
2022-01-19T23:55:00Z,3.3,0
2022-01-20T00:10:00Z,3.4,0
2022-01-20T01:00:00Z,3.4,0
2022-01-20T02:05:00Z,3.4,0
2022-01-20T03:00:00Z,3.3,0
2022-01-20T04:05:00Z,3.3,0
2022-01-20T05:05:00Z,3.3,0
2022-01-20T06:00:00Z,3.2,0
2022-01-20T07:10:00Z,3.3,0
2022-01-20T08:00:00Z,3.3,0
2022-01-20T09:00:00Z,3.3,0
2022-01-20T10:00:00Z,3.1,0
2022-01-20T11:00:00Z,3.1,0
2022-01-20T12:00:00Z,3.2,0
2022-01-20T13:00:00Z,3.2,0
2022-01-20T14:00:00Z,3.3,0
2022-01-20T15:00:00Z,3.3,0
2022-01-20T16:05:00Z,3.3,0
2022-01-20T17:00:00Z,3.2,0
2022-01-20T18:00:00Z,3.3,0
2022-01-20T19:15:00Z,3.3,0
2022-01-20T20:00:00Z,3.3,0
2022-01-20T21:05:00Z,3.2,0
2022-01-20T22:05:00Z,3.2,0
2022-01-20T23:20:00Z,3.3,0
2022-01-21T00:00:00Z,3.2,0
2022-01-21T01:00:00Z,3.2,0
2022-01-21T02:00:00Z,3.2,0
2022-01-21T03:35:00Z,3.2,0
2022-01-21T04:00:00Z,3.2,0
2022-01-21T05:00:00Z,3.2,0
2022-01-21T06:10:00Z,3.2,0
2022-01-21T07:05:00Z,3.2,0
2022-01-21T08:00:00Z,3.3,0
2022-01-21T09:05:00Z,3.3,0
2022-01-21T10:05:00Z,3.1,0
2022-01-21T11:00:00Z,3.0,0
2022-01-21T12:20:00Z,3.2,0
2022-01-21T13:10:00Z,3.2,0
2022-01-21T14:10:00Z,3.3,0
2022-01-21T15:00:00Z,3.2,0
2022-01-21T16:30:00Z,3.2,0
2022-01-21T17:00:00Z,3.2,0
2022-01-21T18:00:00Z,3.2,0
2022-01-21T19:00:00Z,3.5,0
2022-01-21T20:00:00Z,3.5,0
2022-01-21T21:00:00Z,3.5,0
2022-01-21T22:00:00Z,3.4,0
2022-01-21T23:35:00Z,3.4,0
2022-01-22T00:10:00Z,3.4,0
2022-01-22T01:15:00Z,3.2,0
2022-01-22T02:10:00Z,3.2,0
2022-01-22T03:05:00Z,3.3,0
2022-01-22T04:05:00Z,3.2,0
2022-01-22T05:00:00Z,3.2,0
2022-01-22T06:00:00Z,3.2,0
2022-01-22T07:05:00Z,3.3,0
2022-01-22T08:00:00Z,3.1,0
2022-01-22T09:00:00Z,3.3,0
2022-01-22T10:15:00Z,3.2,0
2022-01-22T11:00:00Z,3.3,0
2022-01-22T12:05:00Z,3.3,0
2022-01-22T13:05:00Z,3.1,0
2022-01-22T14:00:00Z,3.1,0
2022-01-22T15:10:00Z,3.2,0
2022-01-22T16:05:00Z,3.2,0
2022-01-22T17:00:00Z,3.2,0
2022-01-22T18:05:00Z,3.2,0
2022-01-22T19:05:00Z,3.1,0
2022-01-22T20:05:00Z,3.2,0
2022-01-22T21:00:00Z,3.2,0
2022-01-22T22:00:00Z,3.2,0
2022-01-22T23:00:00Z,3.2,0
2022-01-23T00:20:00Z,3.2,0
2022-01-23T01:05:00Z,3.2,0
2022-01-23T02:00:00Z,3.1,0
2022-01-23T03:05:00Z,3.2,0
2022-01-23T04:15:00Z,3.2,0
2022-01-23T05:05:00Z,3.2,0
2022-01-23T06:00:00Z,3.2,0
2022-01-23T07:15:00Z,3.2,0
2022-01-23T08:10:00Z,3.1,0
2022-01-23T09:00:00Z,3.1,0
2022-01-23T10:05:00Z,3.1,0
2022-01-23T11:20:00Z,3.2,0
2022-01-23T12:20:00Z,3.2,0
2022-01-23T13:00:00Z,3.2,0
2022-01-23T14:00:00Z,3.2,0
2022-01-23T15:00:00Z,3.2,0
2022-01-23T16:00:00Z,3.1,0
2022-01-23T17:00:00Z,3.2,0
2022-01-23T18:40:00Z,3.1,0
2022-01-23T19:05:00Z,3.2,0
2022-01-23T20:20:00Z,3.2,0
2022-01-23T21:00:00Z,3.2,0
2022-01-23T22:15:00Z,3.1,0
2022-01-23T23:05:00Z,3.2,0
2022-01-24T00:40:00Z,3.1,0
2022-01-24T01:00:00Z,3.2,0
2022-01-24T02:15:00Z,3.1,0
2022-01-24T03:00:00Z,3.2,0
2022-01-24T04:20:00Z,3.1,0
2022-01-24T05:20:00Z,3.2,0
2022-01-24T06:15:00Z,3.2,0
2022-01-24T07:20:00Z,3.2,0
2022-01-24T08:15:00Z,3.1,0
2022-01-24T09:00:00Z,3.1,0
2022-01-24T10:00:00Z,2.8,0
2022-01-24T11:10:00Z,2.8,0
2022-01-24T12:15:00Z,2.8,0
2022-01-24T13:05:00Z,2.9,0
2022-01-24T14:20:00Z,3.0,0
2022-01-24T15:00:00Z,2.9,0
2022-01-24T16:05:00Z,3.1,0
2022-01-24T17:05:00Z,3.0,0
2022-01-24T18:05:00Z,3.0,0
2022-01-24T19:05:00Z,3.1,0
2022-01-24T20:20:00Z,3.0,0
2022-01-24T21:10:00Z,3.1,0
2022-01-24T22:00:00Z,3.1,0
2022-01-24T23:00:00Z,3.1,0
2022-01-25T00:25:00Z,3.1,0
2022-01-25T01:35:00Z,3.0,0
2022-01-25T02:40:00Z,3.1,0
2022-01-25T03:15:00Z,3.1,0
2022-01-25T04:00:00Z,3.1,0
2022-01-25T05:05:00Z,3.1,0
2022-01-25T06:00:00Z,3.1,0
2022-01-25T07:00:00Z,3.1,0
2022-01-25T08:20:00Z,3.1,0
2022-01-25T09:05:00Z,3.1,0
2022-01-25T10:05:00Z,3.0,0
2022-01-25T11:10:00Z,3.0,0
2022-01-25T12:00:00Z,3.1,0
2022-01-25T13:05:00Z,3.1,0
2022-01-25T14:05:00Z,3.1,0
2022-01-25T15:00:00Z,3.1,0
2022-01-25T16:35:00Z,3.0,0
2022-01-25T17:00:00Z,3.1,0
2022-01-25T18:00:00Z,3.1,0
2022-01-25T19:00:00Z,3.1,0
2022-01-25T20:05:00Z,3.1,0
2022-01-25T21:05:00Z,3.1,0
2022-01-25T22:20:00Z,3.1,0
2022-01-25T23:00:00Z,3.2,0
2022-01-26T00:00:00Z,3.0,0
2022-01-26T01:00:00Z,3.1,0
2022-01-26T02:20:00Z,3.1,0
2022-01-26T03:00:00Z,3.1,0
2022-01-26T04:15:00Z,3.1,0
2022-01-26T05:00:00Z,3.0,0
2022-01-26T06:15:00Z,3.1,0
2022-01-26T07:05:00Z,3.1,0
2022-01-26T08:00:00Z,3.1,0
2022-01-26T09:00:00Z,3.3,0
2022-01-26T10:30:00Z,2.9,0
2022-01-26T11:35:00Z,3.0,0
2022-01-26T12:05:00Z,3.0,0
2022-01-26T13:00:00Z,3.0,0
2022-01-26T14:35:00Z,3.1,0
2022-01-26T15:00:00Z,3.1,0
2022-01-26T16:20:00Z,3.0,0
2022-01-26T17:45:00Z,3.1,0
2022-01-26T18:05:00Z,3.1,0
2022-01-26T19:00:00Z,3.1,0
2022-01-26T20:05:00Z,3.1,0
2022-01-26T21:15:00Z,3.1,0
2022-01-26T22:20:00Z,3.1,0
2022-01-26T23:05:00Z,3.1,0
2022-01-27T00:55:00Z,3.0,0
2022-01-27T01:00:00Z,3.1,0
2022-01-27T02:10:00Z,3.1,0
2022-01-27T03:10:00Z,3.0,0
2022-01-27T04:00:00Z,3.0,0
2022-01-27T05:15:00Z,3.1,0
2022-01-27T06:00:00Z,3.1,0
2022-01-27T07:00:00Z,3.1,0
2022-01-27T08:00:00Z,3.0,0
2022-01-27T09:05:00Z,3.1,0
2022-01-27T10:05:00Z,2.9,0
2022-01-27T11:00:00Z,3.0,0
2022-01-27T12:05:00Z,3.1,0
2022-01-27T13:40:00Z,3.1,0
2022-01-27T14:05:00Z,3.0,0
2022-01-27T15:10:00Z,3.1,0
2022-01-27T16:05:00Z,3.1,0
2022-01-27T17:20:00Z,3.1,0
2022-01-27T18:00:00Z,3.0,0
2022-01-27T19:00:00Z,3.0,0
2022-01-27T20:15:00Z,3.1,0
2022-01-27T21:10:00Z,3.0,0
2022-01-27T22:05:00Z,3.0,0
2022-01-27T23:00:00Z,3.0,0
2022-01-28T00:05:00Z,3.0,0
2022-01-28T01:05:00Z,3.1,0
2022-01-28T02:05:00Z,3.1,0
2022-01-28T03:05:00Z,3.0,0
2022-01-28T04:05:00Z,3.1,0
2022-01-28T05:00:00Z,3.0,0
2022-01-28T06:00:00Z,3.1,0
2022-01-28T07:20:00Z,3.1,0
2022-01-28T08:00:00Z,3.0,0
2022-01-28T09:10:00Z,3.0,0
2022-01-28T10:00:00Z,3.0,0
2022-01-28T11:35:00Z,3.0,0
2022-01-28T12:05:00Z,3.0,0
2022-01-28T13:00:00Z,3.0,0
2022-01-28T14:10:00Z,3.0,0
2022-01-28T15:00:00Z,3.1,0
2022-01-28T16:15:00Z,3.0,0
2022-01-28T17:20:00Z,3.0,0
2022-01-28T18:00:00Z,3.2,0
2022-01-28T19:20:00Z,3.5,0
2022-01-28T20:25:00Z,3.3,0
2022-01-28T21:10:00Z,3.3,0
2022-01-28T22:05:00Z,3.2,0
2022-01-28T23:00:00Z,3.2,0
2022-01-29T00:00:00Z,3.1,0
2022-01-29T01:00:00Z,3.1,0
2022-01-29T02:10:00Z,3.1,0
2022-01-29T03:10:00Z,3.1,0
2022-01-29T04:25:00Z,3.0,0
2022-01-29T05:20:00Z,3.2,0
2022-01-29T06:00:00Z,3.0,0
2022-01-29T07:00:00Z,3.0,0
2022-01-29T08:15:00Z,3.1,0
2022-01-29T09:10:00Z,3.1,0
2022-01-29T10:15:00Z,3.0,0
2022-01-29T11:00:00Z,3.0,0
2022-01-29T12:00:00Z,3.1,0
2022-01-29T13:25:00Z,3.0,0
2022-01-29T14:05:00Z,3.0,0
2022-01-29T15:00:00Z,3.0,0
2022-01-29T16:25:00Z,3.1,0
2022-01-29T17:25:00Z,3.0,0
2022-01-29T18:15:00Z,3.0,0
2022-01-29T19:10:00Z,3.0,0
2022-01-29T20:05:00Z,3.0,0
2022-01-29T21:00:00Z,3.0,0
2022-01-29T22:05:00Z,3.0,0
2022-01-29T23:05:00Z,3.0,0
2022-01-30T00:05:00Z,3.0,0
2022-01-30T01:00:00Z,3.0,0
2022-01-30T02:05:00Z,3.0,0
2022-01-30T03:00:00Z,3.0,0
2022-01-30T04:15:00Z,3.0,0
2022-01-30T05:25:00Z,3.1,0
2022-01-30T06:05:00Z,3.1,0
2022-01-30T07:00:00Z,3.1,0
2022-01-30T08:00:00Z,3.0,0
2022-01-30T09:15:00Z,3.0,0
2022-01-30T10:00:00Z,3.0,0
2022-01-30T11:00:00Z,3.1,0
2022-01-30T12:00:00Z,3.1,0
2022-01-30T13:35:00Z,3.0,0
2022-01-30T14:05:00Z,3.0,0
2022-01-30T15:00:00Z,3.0,0
2022-01-30T16:00:00Z,3.0,0
2022-01-30T17:20:00Z,2.9,0
2022-01-30T18:00:00Z,3.0,0
2022-01-30T19:00:00Z,3.0,0
2022-01-30T20:00:00Z,3.0,0
2022-01-30T21:15:00Z,3.0,0
2022-01-30T22:00:00Z,3.0,0
2022-01-30T23:00:00Z,3.0,0
2022-01-31T00:00:00Z,3.0,0
2022-01-31T00:15:00Z,3.0,0
2022-01-31T00:20:00Z,3.1,0
2022-01-31T00:25:00Z,3.0,0
2022-01-31T00:40:00Z,3.0,0
2022-01-31T00:50:00Z,3.1,0
2022-01-31T00:55:00Z,3.0,0
2022-01-31T01:05:00Z,3.1,0
2022-01-31T01:10:00Z,3.0,0
2022-01-31T01:20:00Z,3.0,0
2022-01-31T01:25:00Z,3.0,0
2022-01-31T01:35:00Z,3.0,0
2022-01-31T01:40:00Z,3.0,0
2022-01-31T01:45:00Z,3.0,0
2022-01-31T01:50:00Z,3.1,0
2022-01-31T01:55:00Z,3.1,0
2022-01-31T02:00:00Z,3.1,0
2022-01-31T02:05:00Z,3.0,0
2022-01-31T02:15:00Z,3.1,0
2022-01-31T02:20:00Z,3.0,0
2022-01-31T02:45:00Z,3.1,0
2022-01-31T03:05:00Z,3.0,0
2022-01-31T03:10:00Z,3.1,0
2022-01-31T03:15:00Z,3.1,0
2022-01-31T03:20:00Z,3.1,0
2022-01-31T03:25:00Z,3.0,0
2022-01-31T03:40:00Z,3.0,0
2022-01-31T03:45:00Z,3.1,0
2022-01-31T03:50:00Z,3.0,0
2022-01-31T04:00:00Z,3.1,0
2022-01-31T04:05:00Z,3.0,0
2022-01-31T04:20:00Z,3.1,0
2022-01-31T04:25:00Z,3.0,0
2022-01-31T04:30:00Z,3.0,0
2022-01-31T04:40:00Z,3.0,0
2022-01-31T04:55:00Z,3.1,0
2022-01-31T05:00:00Z,3.0,0
2022-01-31T05:10:00Z,3.1,0
2022-01-31T05:20:00Z,3.0,0
2022-01-31T05:25:00Z,3.0,0
2022-01-31T05:40:00Z,3.1,0
2022-01-31T05:45:00Z,3.0,0
2022-01-31T06:35:00Z,3.0,0
2022-01-31T06:40:00Z,3.0,0
2022-01-31T06:50:00Z,3.1,0
2022-01-31T06:55:00Z,3.0,0
2022-01-31T07:00:00Z,3.0,0
2022-01-31T07:05:00Z,3.1,0
2022-01-31T07:20:00Z,3.0,0
2022-01-31T07:35:00Z,3.1,0
2022-01-31T07:40:00Z,3.1,0
2022-01-31T08:05:00Z,3.0,0
2022-01-31T08:10:00Z,3.1,0
2022-01-31T08:20:00Z,3.0,0
2022-01-31T08:25:00Z,3.0,0
2022-01-31T08:50:00Z,3.1,0
2022-01-31T08:55:00Z,3.0,0
2022-01-31T09:15:00Z,2.9,0
2022-01-31T09:25:00Z,2.9,0
2022-01-31T09:35:00Z,2.8,0
2022-01-31T09:50:00Z,2.8,0
2022-01-31T09:55:00Z,2.7,0
2022-01-31T10:00:00Z,2.7,0
2022-01-31T10:20:00Z,2.6,0
2022-01-31T10:25:00Z,2.6,0
2022-01-31T10:50:00Z,2.6,0
2022-01-31T11:05:00Z,2.6,0
2022-01-31T11:10:00Z,2.6,0
2022-01-31T11:40:00Z,2.7,0
2022-01-31T12:05:00Z,2.7,0
2022-01-31T12:25:00Z,2.8,0
2022-01-31T12:30:00Z,2.7,0
2022-01-31T12:35:00Z,2.8,0
2022-01-31T12:40:00Z,2.8,0
2022-01-31T12:45:00Z,2.7,0
2022-01-31T12:50:00Z,2.8,0
2022-01-31T13:50:00Z,2.8,0
2022-01-31T13:55:00Z,2.8,0
2022-01-31T14:25:00Z,2.9,0
2022-01-31T14:30:00Z,2.8,0
2022-01-31T14:40:00Z,2.9,0
2022-01-31T14:50:00Z,2.8,0
2022-01-31T14:55:00Z,2.9,0
2022-01-31T15:20:00Z,2.9,0
2022-01-31T15:30:00Z,2.9,0
2022-01-31T15:35:00Z,2.9,0
2022-01-31T15:40:00Z,2.9,0
2022-01-31T16:05:00Z,2.9,0
2022-01-31T16:10:00Z,2.9,0
2022-01-31T16:20:00Z,3.0,0
2022-01-31T16:35:00Z,2.9,0
2022-01-31T16:45:00Z,2.9,0
2022-01-31T17:10:00Z,3.0,0
2022-01-31T17:15:00Z,2.9,0
2022-01-31T17:20:00Z,3.0,0
2022-01-31T17:25:00Z,2.9,0
2022-01-31T17:30:00Z,2.9,0
2022-01-31T17:35:00Z,2.9,0
2022-01-31T17:50:00Z,2.9,0
2022-01-31T17:55:00Z,2.9,0
2022-01-31T18:30:00Z,3.0,0
2022-01-31T18:35:00Z,2.9,0
2022-01-31T18:55:00Z,3.0,0
2022-01-31T19:00:00Z,3.0,0
2022-01-31T19:10:00Z,3.0,0
2022-01-31T19:15:00Z,3.0,0
2022-01-31T19:20:00Z,3.0,0
2022-01-31T19:30:00Z,3.1,0
2022-01-31T19:50:00Z,3.0,0
2022-01-31T19:55:00Z,3.1,0
2022-01-31T20:40:00Z,3.0,0
2022-01-31T20:55:00Z,3.1,0
2022-01-31T21:05:00Z,3.0,0
2022-01-31T21:10:00Z,3.1,0
2022-01-31T21:20:00Z,3.0,0
2022-01-31T21:25:00Z,3.1,0
2022-01-31T21:45:00Z,3.1,0
2022-01-31T21:50:00Z,3.0,0
2022-01-31T21:55:00Z,3.0,0
2022-02-01T00:10:00Z,3.0,0
2022-02-01T01:00:00Z,3.0,0
2022-02-01T02:00:00Z,3.0,0
2022-02-01T03:05:00Z,3.0,0
2022-02-01T04:20:00Z,3.0,0
2022-02-01T05:00:00Z,3.0,0
2022-02-01T06:00:00Z,3.1,0
2022-02-01T07:00:00Z,3.1,0
2022-02-01T08:00:00Z,3.1,0
2022-02-01T09:05:00Z,3.0,0
2022-02-01T10:10:00Z,2.9,0
2022-02-01T11:05:00Z,2.9,0
2022-02-01T12:00:00Z,3.1,0
2022-02-01T13:00:00Z,3.0,0
2022-02-01T14:00:00Z,3.0,0
2022-02-01T15:00:00Z,3.0,0
2022-02-01T16:05:00Z,3.0,0
2022-02-01T17:10:00Z,3.0,0
2022-02-01T18:05:00Z,3.0,0
2022-02-01T19:15:00Z,3.0,0
2022-02-01T20:25:00Z,3.1,0
2022-02-01T21:00:00Z,3.1,0
2022-02-01T22:25:00Z,3.1,0
2022-02-01T23:05:00Z,3.0,0
2022-02-02T00:05:00Z,3.1,0
2022-02-02T01:20:00Z,3.0,0
2022-02-02T02:00:00Z,3.0,0
2022-02-02T03:15:00Z,3.0,0
2022-02-02T04:00:00Z,3.0,0
2022-02-02T05:25:00Z,3.0,0
2022-02-02T06:05:00Z,3.0,0
2022-02-02T07:05:00Z,3.0,0
2022-02-02T08:05:00Z,2.9,0
2022-02-02T09:10:00Z,3.0,0
2022-02-02T10:10:00Z,2.8,0
2022-02-02T11:00:00Z,2.8,0
2022-02-02T12:00:00Z,2.9,0
2022-02-02T13:30:00Z,3.0,0
2022-02-02T14:05:00Z,3.0,0
2022-02-02T15:20:00Z,3.0,0
2022-02-02T16:15:00Z,3.0,0
2022-02-02T17:05:00Z,3.0,0
2022-02-02T18:10:00Z,2.9,0
2022-02-02T19:20:00Z,2.9,0
2022-02-02T20:00:00Z,2.9,0
2022-02-02T21:00:00Z,2.9,0
2022-02-02T22:00:00Z,2.9,0
2022-02-02T23:30:00Z,3.0,0
2022-02-03T00:00:00Z,3.0,0
2022-02-03T01:00:00Z,3.1,0
2022-02-03T02:15:00Z,2.9,0
2022-02-03T03:05:00Z,3.0,0
2022-02-03T04:15:00Z,3.0,0
2022-02-03T05:10:00Z,3.0,0
2022-02-03T06:00:00Z,3.0,0
2022-02-03T07:00:00Z,3.0,0
2022-02-03T08:15:00Z,3.0,0
2022-02-03T09:20:00Z,3.0,0
2022-02-03T10:00:00Z,2.9,0
2022-02-03T11:25:00Z,3.0,0
2022-02-03T12:00:00Z,2.9,0
2022-02-03T13:10:00Z,2.9,0
2022-02-03T14:10:00Z,3.1,0
2022-02-03T15:00:00Z,3.0,0
2022-02-03T16:00:00Z,3.0,0
2022-02-03T17:10:00Z,2.9,0
2022-02-03T18:00:00Z,2.9,0
2022-02-03T19:10:00Z,3.0,0
2022-02-03T20:05:00Z,3.0,0
2022-02-03T21:05:00Z,3.0,0
2022-02-03T22:00:00Z,3.0,0
2022-02-03T23:00:00Z,2.9,0
2022-02-04T00:20:00Z,2.9,0
2022-02-04T01:00:00Z,3.0,0
2022-02-04T02:00:00Z,3.0,0
2022-02-04T03:00:00Z,3.0,0
2022-02-04T04:10:00Z,2.9,0
2022-02-04T05:00:00Z,3.0,0
2022-02-04T06:40:00Z,3.0,0
2022-02-04T07:05:00Z,3.0,0
2022-02-04T08:05:00Z,3.0,0
2022-02-04T09:00:00Z,3.0,0
2022-02-04T10:05:00Z,3.0,0
2022-02-04T11:05:00Z,3.0,0
2022-02-04T12:05:00Z,3.0,0
2022-02-04T13:00:00Z,3.0,0
2022-02-04T14:05:00Z,3.2,0
2022-02-04T15:05:00Z,3.2,0
2022-02-04T16:25:00Z,3.3,0
2022-02-04T17:15:00Z,3.3,0
2022-02-04T18:20:00Z,3.5,0
2022-02-04T19:05:00Z,3.4,0
2022-02-04T20:10:00Z,3.4,0
2022-02-04T21:10:00Z,3.3,0
2022-02-04T22:15:00Z,3.3,0
2022-02-04T23:00:00Z,3.3,0
2022-02-05T00:00:00Z,3.3,0
2022-02-05T01:00:00Z,3.3,0
2022-02-05T02:20:00Z,3.3,0
2022-02-05T03:35:00Z,3.3,0
2022-02-05T04:05:00Z,3.3,0
2022-02-05T05:05:00Z,3.3,0
2022-02-05T06:00:00Z,3.3,0
2022-02-05T07:20:00Z,3.2,0
2022-02-05T08:10:00Z,3.2,0
2022-02-05T09:05:00Z,3.2,0
2022-02-05T10:20:00Z,3.3,0
2022-02-05T11:00:00Z,3.3,0
2022-02-05T12:00:00Z,3.3,0
2022-02-05T13:05:00Z,3.2,0
2022-02-05T14:05:00Z,3.3,0
2022-02-05T15:00:00Z,3.3,0
2022-02-05T16:00:00Z,3.2,0
2022-02-05T17:00:00Z,3.2,0
2022-02-05T18:15:00Z,3.2,0
2022-02-05T19:00:00Z,3.3,0
2022-02-05T20:05:00Z,3.3,0
2022-02-05T21:00:00Z,3.2,0
2022-02-05T22:05:00Z,3.2,0
2022-02-05T23:40:00Z,3.2,0
2022-02-06T00:10:00Z,3.2,0
2022-02-06T01:00:00Z,3.2,0
2022-02-06T02:10:00Z,3.3,0
2022-02-06T03:05:00Z,3.2,0
2022-02-06T04:00:00Z,3.3,0
2022-02-06T05:00:00Z,3.3,0
2022-02-06T06:00:00Z,3.2,0
2022-02-06T07:15:00Z,3.3,0
2022-02-06T08:00:00Z,3.4,0
2022-02-06T09:05:00Z,3.5,0
2022-02-06T10:00:00Z,3.5,0
2022-02-06T11:05:00Z,3.5,0
2022-02-06T12:00:00Z,3.3,0
2022-02-06T13:00:00Z,3.4,0
2022-02-06T14:15:00Z,3.4,0
2022-02-06T15:10:00Z,3.3,0
2022-02-06T16:45:00Z,3.3,0
2022-02-06T17:15:00Z,3.3,0
2022-02-06T18:05:00Z,3.2,0
2022-02-06T19:05:00Z,3.3,0
2022-02-06T20:00:00Z,3.3,0
2022-02-06T21:15:00Z,3.3,0
2022-02-06T22:20:00Z,3.4,0
2022-02-06T23:00:00Z,3.3,0
2022-02-07T00:00:00Z,3.3,0
2022-02-07T01:00:00Z,3.3,0
2022-02-07T02:10:00Z,3.3,0
2022-02-07T03:10:00Z,3.3,0
2022-02-07T04:00:00Z,3.3,0
2022-02-07T05:05:00Z,3.3,0
2022-02-07T06:00:00Z,3.3,0
2022-02-07T07:20:00Z,3.4,0
2022-02-07T08:20:00Z,3.3,0
2022-02-07T09:10:00Z,3.1,0
2022-02-07T10:05:00Z,2.8,0
2022-02-07T11:10:00Z,2.9,0
2022-02-07T12:15:00Z,3.0,0
2022-02-07T13:50:00Z,3.1,0
2022-02-07T14:15:00Z,3.2,0
2022-02-07T15:15:00Z,3.2,0
2022-02-07T16:50:00Z,3.2,0
2022-02-07T17:00:00Z,3.3,0
2022-02-07T18:10:00Z,3.2,0
2022-02-07T19:25:00Z,3.3,0
2022-02-07T20:05:00Z,3.3,0
2022-02-07T21:30:00Z,3.2,0
2022-02-07T22:00:00Z,3.3,0
2022-02-07T23:15:00Z,3.2,0
2022-02-08T00:10:00Z,3.3,0
2022-02-08T01:00:00Z,3.2,0
2022-02-08T02:00:00Z,3.2,0
2022-02-08T03:05:00Z,3.2,0
2022-02-08T04:00:00Z,3.3,0
2022-02-08T05:05:00Z,3.2,0
2022-02-08T06:10:00Z,3.3,0
2022-02-08T07:30:00Z,3.3,0
2022-02-08T08:15:00Z,3.2,0
2022-02-08T09:10:00Z,3.3,0
2022-02-08T10:10:00Z,3.4,0
2022-02-08T11:10:00Z,3.3,0
2022-02-08T12:20:00Z,3.4,0
2022-02-08T13:00:00Z,3.3,0
2022-02-08T14:10:00Z,3.2,0
2022-02-08T15:00:00Z,3.4,0
2022-02-08T16:05:00Z,3.3,0
2022-02-08T17:00:00Z,3.2,0
2022-02-08T18:20:00Z,3.2,0
2022-02-08T19:20:00Z,3.3,0
2022-02-08T20:15:00Z,3.2,0
2022-02-08T21:00:00Z,3.2,0
2022-02-08T22:10:00Z,3.2,0
2022-02-08T23:05:00Z,3.2,0
2022-02-09T00:05:00Z,3.3,0
2022-02-09T01:00:00Z,3.2,0
2022-02-09T02:40:00Z,3.2,0
2022-02-09T03:10:00Z,3.2,0
2022-02-09T04:05:00Z,3.2,0
2022-02-09T05:15:00Z,3.3,0
2022-02-09T06:10:00Z,3.3,0
2022-02-09T07:00:00Z,3.2,0
2022-02-09T08:10:00Z,3.3,0
2022-02-09T09:05:00Z,3.2,0
2022-02-09T10:20:00Z,3.2,0
2022-02-09T11:10:00Z,3.3,0
2022-02-09T12:00:00Z,3.2,0
2022-02-09T13:15:00Z,3.3,0
2022-02-09T14:05:00Z,3.2,0
2022-02-09T15:00:00Z,3.3,0
2022-02-09T16:15:00Z,3.2,0
2022-02-09T17:05:00Z,3.2,0
2022-02-09T18:05:00Z,3.3,0
2022-02-09T19:05:00Z,3.3,0
2022-02-09T20:00:00Z,3.2,0
2022-02-09T21:00:00Z,3.2,0
2022-02-09T22:15:00Z,3.2,0
2022-02-09T23:20:00Z,3.3,0
2022-02-10T00:15:00Z,3.2,0
2022-02-10T01:00:00Z,3.3,0
2022-02-10T02:30:00Z,3.3,0
2022-02-10T03:10:00Z,3.2,0
2022-02-10T04:10:00Z,3.2,0
2022-02-10T05:00:00Z,3.3,0
2022-02-10T06:00:00Z,3.2,0
2022-02-10T07:00:00Z,3.3,0
2022-02-10T08:05:00Z,3.3,0
2022-02-10T09:05:00Z,3.3,0
2022-02-10T10:05:00Z,3.3,0
2022-02-10T11:35:00Z,3.3,0
2022-02-10T12:55:00Z,3.4,0
2022-02-10T13:00:00Z,3.3,0
2022-02-10T14:25:00Z,3.4,0
2022-02-10T15:15:00Z,3.4,0
2022-02-10T16:05:00Z,3.4,0
2022-02-10T17:10:00Z,3.4,0
2022-02-10T18:00:00Z,3.3,0
2022-02-10T19:00:00Z,3.3,0
2022-02-10T20:00:00Z,3.3,0
2022-02-10T21:50:00Z,3.3,0
2022-02-10T22:05:00Z,3.4,0
2022-02-10T23:05:00Z,3.3,0
2022-02-11T00:10:00Z,3.3,0
2022-02-11T01:00:00Z,3.3,0
2022-02-11T02:00:00Z,3.3,0
2022-02-11T03:05:00Z,3.2,0
2022-02-11T04:00:00Z,3.3,0
2022-02-11T05:05:00Z,3.3,0
2022-02-11T06:05:00Z,3.3,0
2022-02-11T07:00:00Z,3.3,0
2022-02-11T08:00:00Z,3.3,0
2022-02-11T09:05:00Z,3.3,0
2022-02-11T10:40:00Z,3.2,0
2022-02-11T11:10:00Z,3.3,0
2022-02-11T12:05:00Z,3.2,0
2022-02-11T13:00:00Z,3.4,0
2022-02-11T14:05:00Z,3.4,0
2022-02-11T15:10:00Z,3.3,0
2022-02-11T16:35:00Z,3.3,0
2022-02-11T17:00:00Z,3.3,0
2022-02-11T18:05:00Z,3.4,0
2022-02-11T19:05:00Z,3.4,0
2022-02-11T20:05:00Z,3.3,0
2022-02-11T21:05:00Z,3.3,0
2022-02-11T22:00:00Z,3.3,0
2022-02-11T23:35:00Z,3.3,0
2022-02-12T00:00:00Z,3.3,0
2022-02-12T01:00:00Z,3.3,0
2022-02-12T02:00:00Z,3.2,0
2022-02-12T03:45:00Z,3.3,0
2022-02-12T04:20:00Z,3.4,0
2022-02-12T05:10:00Z,3.4,0
2022-02-12T06:00:00Z,3.3,0
2022-02-12T07:00:00Z,3.4,0
2022-02-12T08:05:00Z,3.3,0
2022-02-12T09:00:00Z,3.3,0
2022-02-12T10:00:00Z,3.4,0
2022-02-12T11:00:00Z,3.3,0
2022-02-12T12:05:00Z,3.3,0
2022-02-12T13:10:00Z,3.3,0
2022-02-12T14:05:00Z,3.3,0
2022-02-12T15:20:00Z,3.4,0
2022-02-12T16:00:00Z,3.2,0
2022-02-12T17:15:00Z,3.3,0
2022-02-12T18:00:00Z,3.2,0
2022-02-12T19:00:00Z,3.3,0
2022-02-12T20:10:00Z,3.3,0
2022-02-12T21:00:00Z,3.3,0
2022-02-12T22:00:00Z,3.4,0
2022-02-12T23:00:00Z,3.3,0
2022-02-13T00:05:00Z,3.3,0
2022-02-13T01:10:00Z,3.3,0
2022-02-13T02:00:00Z,3.3,0
2022-02-13T03:00:00Z,3.3,0
2022-02-13T04:00:00Z,3.3,0
2022-02-13T05:10:00Z,3.2,0
2022-02-13T06:10:00Z,3.4,0
2022-02-13T07:00:00Z,3.3,0
2022-02-13T08:05:00Z,3.3,0
2022-02-13T09:05:00Z,3.3,0
2022-02-13T10:25:00Z,3.4,0
2022-02-13T11:00:00Z,3.3,0
2022-02-13T12:00:00Z,3.4,0
2022-02-13T13:00:00Z,3.3,0
2022-02-13T14:00:00Z,3.3,0
2022-02-13T15:00:00Z,3.3,0
2022-02-13T16:10:00Z,3.4,0
2022-02-13T17:15:00Z,3.2,0
2022-02-13T18:25:00Z,3.4,0
2022-02-13T19:00:00Z,3.3,0
2022-02-13T20:10:00Z,3.3,0
2022-02-13T21:10:00Z,3.3,0
2022-02-13T22:05:00Z,3.3,0
2022-02-13T23:00:00Z,3.2,0
2022-02-14T00:10:00Z,3.2,0
2022-02-14T01:00:00Z,3.3,0
2022-02-14T02:25:00Z,3.2,0
2022-02-14T03:00:00Z,3.2,0
2022-02-14T04:00:00Z,3.2,0
2022-02-14T05:00:00Z,3.2,0
2022-02-14T06:05:00Z,3.3,0
2022-02-14T07:05:00Z,3.2,0
2022-02-14T08:00:00Z,3.3,0
2022-02-14T09:05:00Z,3.3,0
2022-02-14T10:25:00Z,3.2,0
2022-02-14T11:00:00Z,3.3,0
2022-02-14T12:00:00Z,3.3,0
2022-02-14T13:25:00Z,3.4,0
2022-02-14T14:45:00Z,3.4,0
2022-02-14T15:05:00Z,3.4,0
2022-02-14T16:00:00Z,3.4,0
2022-02-14T17:00:00Z,3.4,0
2022-02-14T18:00:00Z,3.5,0
2022-02-14T19:00:00Z,3.4,0
2022-02-14T20:20:00Z,3.5,0
2022-02-14T21:10:00Z,3.6,0
2022-02-14T22:00:00Z,3.5,0
2022-02-14T23:00:00Z,3.4,0
2022-02-15T00:00:00Z,3.4,0
2022-02-15T01:00:00Z,3.4,0
2022-02-15T02:00:00Z,3.6,0
2022-02-15T03:25:00Z,3.4,0
2022-02-15T04:05:00Z,3.4,0
2022-02-15T05:05:00Z,3.4,0
2022-02-15T06:05:00Z,3.4,0
2022-02-15T07:00:00Z,3.5,0
2022-02-15T08:05:00Z,3.4,0
2022-02-15T09:00:00Z,3.3,0
2022-02-15T10:30:00Z,3.2,0
2022-02-15T11:15:00Z,3.4,0
2022-02-15T12:00:00Z,3.3,0
2022-02-15T13:30:00Z,3.3,0
2022-02-15T14:20:00Z,3.3,0
2022-02-15T15:25:00Z,3.4,0
2022-02-15T16:00:00Z,3.3,0
2022-02-15T17:00:00Z,3.3,0
2022-02-15T18:10:00Z,3.4,0
2022-02-15T19:00:00Z,3.4,0
2022-02-15T20:40:00Z,3.4,0
2022-02-15T21:15:00Z,3.5,0
2022-02-15T22:00:00Z,3.5,0
2022-02-15T23:00:00Z,3.5,0
2022-02-16T00:00:00Z,3.6,0
2022-02-16T01:00:00Z,3.6,0
2022-02-16T02:10:00Z,3.5,0
2022-02-16T03:05:00Z,3.6,0
2022-02-16T04:05:00Z,3.5,0
2022-02-16T05:00:00Z,3.7,0
2022-02-16T06:05:00Z,3.6,0
2022-02-16T07:20:00Z,3.5,0
2022-02-16T08:00:00Z,3.6,0
2022-02-16T09:05:00Z,3.6,0
2022-02-16T10:00:00Z,3.4,0
2022-02-16T11:10:00Z,3.5,0
2022-02-16T12:05:00Z,3.5,0
2022-02-16T13:00:00Z,3.6,0
2022-02-16T14:15:00Z,3.5,0
2022-02-16T15:00:00Z,3.5,0
2022-02-16T16:00:00Z,3.4,0
2022-02-16T17:00:00Z,3.5,0
2022-02-16T18:30:00Z,3.5,0
2022-02-16T19:00:00Z,3.5,0
2022-02-16T20:00:00Z,3.5,0
2022-02-16T21:15:00Z,3.5,0
2022-02-16T22:10:00Z,3.5,0
2022-02-16T23:00:00Z,3.5,0
2022-02-17T00:10:00Z,3.5,0
2022-02-17T01:25:00Z,3.5,0
2022-02-17T02:05:00Z,3.5,0
2022-02-17T03:00:00Z,3.5,0
2022-02-17T04:05:00Z,3.5,0
2022-02-17T05:00:00Z,3.4,0
2022-02-17T06:00:00Z,3.5,0
2022-02-17T07:00:00Z,3.5,0
2022-02-17T08:00:00Z,3.4,0
2022-02-17T09:15:00Z,3.4,0
2022-02-17T10:00:00Z,3.5,0
2022-02-17T11:20:00Z,3.4,0
2022-02-17T12:05:00Z,3.4,0
2022-02-17T13:05:00Z,3.4,0
2022-02-17T14:25:00Z,3.5,0
2022-02-17T15:05:00Z,3.4,0
2022-02-17T16:00:00Z,3.4,0
2022-02-17T17:00:00Z,3.4,0
2022-02-17T18:00:00Z,3.4,0
2022-02-17T19:00:00Z,3.4,0
2022-02-17T20:10:00Z,3.4,0
2022-02-17T21:05:00Z,3.5,0
2022-02-17T22:00:00Z,3.4,0
2022-02-17T23:00:00Z,3.4,0
2022-02-18T00:00:00Z,3.4,0
2022-02-18T01:00:00Z,3.4,0
2022-02-18T02:20:00Z,3.5,0
2022-02-18T03:40:00Z,3.4,0
2022-02-18T04:20:00Z,3.5,0
2022-02-18T05:35:00Z,3.3,0
2022-02-18T06:00:00Z,3.4,0
2022-02-18T07:25:00Z,3.5,0
2022-02-18T08:25:00Z,3.4,0
2022-02-18T09:25:00Z,3.4,0
2022-02-18T10:35:00Z,3.5,0
2022-02-18T11:05:00Z,3.4,0
2022-02-18T12:00:00Z,3.4,0
2022-02-18T13:00:00Z,3.3,0
2022-02-18T14:10:00Z,3.2,0
2022-02-18T15:15:00Z,3.3,0
2022-02-18T16:00:00Z,3.3,0
2022-02-18T17:00:00Z,3.4,0
2022-02-18T18:10:00Z,3.3,0
2022-02-18T19:10:00Z,3.3,0
2022-02-18T20:00:00Z,3.3,0
2022-02-18T21:00:00Z,3.4,0
2022-02-18T22:35:00Z,3.3,0
2022-02-18T23:05:00Z,3.4,0
2022-02-19T00:00:00Z,3.4,0
2022-02-19T01:00:00Z,3.4,0
2022-02-19T02:55:00Z,3.3,0
2022-02-19T03:25:00Z,3.4,0
2022-02-19T04:10:00Z,3.4,0
2022-02-19T05:05:00Z,3.3,0
2022-02-19T06:00:00Z,3.5,0
2022-02-19T07:30:00Z,3.4,0
2022-02-19T08:20:00Z,3.4,0
2022-02-19T09:20:00Z,3.4,0
2022-02-19T10:00:00Z,3.4,0
2022-02-19T11:00:00Z,3.4,0
2022-02-19T12:10:00Z,3.4,0
2022-02-19T13:00:00Z,3.4,0
2022-02-19T14:00:00Z,3.5,0
2022-02-19T15:20:00Z,3.4,0
2022-02-19T16:20:00Z,3.5,0
2022-02-19T17:00:00Z,3.4,0
2022-02-19T18:00:00Z,3.4,0
2022-02-19T19:00:00Z,3.5,0
2022-02-19T20:45:00Z,3.3,0
2022-02-19T21:00:00Z,3.3,0
2022-02-19T22:00:00Z,3.4,0
2022-02-19T23:05:00Z,3.3,0
2022-02-20T00:10:00Z,3.4,0
2022-02-20T01:00:00Z,3.4,0
2022-02-20T02:10:00Z,3.3,0
2022-02-20T03:10:00Z,3.3,0
2022-02-20T04:10:00Z,3.4,0
2022-02-20T05:00:00Z,3.3,0
2022-02-20T06:20:00Z,3.3,0
2022-02-20T07:25:00Z,3.4,0
2022-02-20T08:00:00Z,3.4,0
2022-02-20T09:05:00Z,3.4,0
2022-02-20T10:00:00Z,3.3,0
2022-02-20T11:30:00Z,3.3,0
2022-02-20T12:15:00Z,3.3,0
2022-02-20T13:00:00Z,3.3,0
2022-02-20T14:05:00Z,3.3,0
2022-02-20T15:05:00Z,3.3,0
2022-02-20T16:00:00Z,3.4,0
2022-02-20T17:10:00Z,3.3,0
2022-02-20T18:00:00Z,3.3,0
2022-02-20T19:05:00Z,3.4,0
2022-02-20T20:05:00Z,3.4,0
2022-02-20T21:00:00Z,3.5,0
2022-02-20T22:00:00Z,3.5,0
2022-02-20T23:00:00Z,3.4,0
2022-02-21T00:10:00Z,3.4,0
2022-02-21T01:00:00Z,3.5,0
2022-02-21T02:35:00Z,3.4,0
2022-02-21T03:10:00Z,3.3,0
2022-02-21T04:25:00Z,3.4,0
2022-02-21T05:00:00Z,3.4,0
2022-02-21T06:05:00Z,3.4,0
2022-02-21T07:00:00Z,3.4,0
2022-02-21T08:10:00Z,3.4,0
2022-02-21T09:05:00Z,3.4,0
2022-02-21T10:00:00Z,3.5,0
2022-02-21T11:00:00Z,3.5,0
2022-02-21T12:20:00Z,3.3,0
2022-02-21T13:00:00Z,3.5,0
2022-02-21T14:00:00Z,3.3,0
2022-02-21T15:00:00Z,3.4,0
2022-02-21T16:00:00Z,3.4,0
2022-02-21T17:20:00Z,3.4,0
2022-02-21T18:05:00Z,3.4,0
2022-02-21T19:00:00Z,3.5,0
2022-02-21T20:00:00Z,3.4,0
2022-02-21T21:00:00Z,3.4,0
2022-02-21T22:10:00Z,3.5,0
2022-02-21T23:35:00Z,3.5,0
2022-02-22T00:00:00Z,3.4,0
2022-02-22T01:00:00Z,3.4,0
2022-02-22T02:00:00Z,3.5,0
2022-02-22T03:20:00Z,3.4,0
2022-02-22T04:00:00Z,3.5,0
2022-02-22T05:25:00Z,3.5,0
2022-02-22T06:20:00Z,3.4,0
2022-02-22T07:00:00Z,3.5,0
2022-02-22T08:00:00Z,3.4,0
2022-02-22T09:00:00Z,3.4,0
2022-02-22T10:00:00Z,3.5,0
2022-02-22T11:05:00Z,3.5,0
2022-02-22T12:35:00Z,3.4,0
2022-02-22T13:00:00Z,3.4,0
2022-02-22T14:05:00Z,3.5,0
2022-02-22T15:20:00Z,3.4,0
2022-02-22T16:15:00Z,3.5,0
2022-02-22T17:20:00Z,3.4,0
2022-02-22T18:10:00Z,3.4,0
2022-02-22T19:00:00Z,3.4,0
2022-02-22T20:00:00Z,3.4,0
2022-02-22T21:00:00Z,3.4,0
2022-02-22T22:00:00Z,3.4,0
2022-02-22T23:40:00Z,3.5,0
2022-02-23T00:15:00Z,3.5,0
2022-02-23T01:00:00Z,3.4,0
2022-02-23T02:00:00Z,3.4,0
2022-02-23T03:00:00Z,3.4,0
2022-02-23T04:10:00Z,3.4,0
2022-02-23T05:00:00Z,3.4,0
2022-02-23T06:05:00Z,3.4,0
2022-02-23T07:25:00Z,3.4,0
2022-02-23T08:05:00Z,3.3,0
2022-02-23T09:20:00Z,3.4,0
2022-02-23T10:30:00Z,3.4,0
2022-02-23T11:20:00Z,3.4,0
2022-02-23T12:15:00Z,3.5,0
2022-02-23T13:10:00Z,3.5,0
2022-02-23T14:05:00Z,3.3,0
2022-02-23T15:05:00Z,3.4,0
2022-02-23T16:45:00Z,3.3,0
2022-02-23T17:05:00Z,3.3,0
2022-02-23T18:25:00Z,3.3,0
2022-02-23T19:00:00Z,3.3,0
2022-02-23T20:10:00Z,3.3,0
2022-02-23T21:05:00Z,3.3,0
2022-02-23T22:05:00Z,3.4,0
2022-02-23T23:15:00Z,3.3,0
2022-02-24T00:10:00Z,3.3,0
2022-02-24T01:10:00Z,3.3,0
2022-02-24T02:20:00Z,3.3,0
2022-02-24T03:05:00Z,3.4,0
2022-02-24T04:15:00Z,3.4,0
2022-02-24T05:30:00Z,3.5,0
2022-02-24T06:10:00Z,3.3,0
2022-02-24T07:00:00Z,3.4,0
2022-02-24T08:05:00Z,3.3,0
2022-02-24T09:10:00Z,3.3,0
2022-02-24T10:00:00Z,3.2,0
2022-02-24T11:00:00Z,3.2,0
2022-02-24T12:00:00Z,3.4,0
2022-02-24T13:05:00Z,3.4,0
2022-02-24T14:00:00Z,3.4,0
2022-02-24T15:25:00Z,3.5,0
2022-02-24T16:00:00Z,3.4,0
2022-02-24T17:00:00Z,3.3,0
2022-02-24T18:00:00Z,3.4,0
2022-02-24T19:15:00Z,3.4,0
2022-02-24T20:05:00Z,3.4,0
2022-02-24T21:00:00Z,3.4,0
2022-02-24T22:10:00Z,3.4,0
2022-02-24T23:00:00Z,3.4,0
2022-02-25T00:05:00Z,3.4,0
2022-02-25T01:20:00Z,3.5,0
2022-02-25T02:00:00Z,3.4,0
2022-02-25T03:05:00Z,3.4,0
2022-02-25T04:05:00Z,3.5,0
2022-02-25T05:20:00Z,3.4,0
2022-02-25T06:10:00Z,3.5,0
2022-02-25T07:15:00Z,3.4,0
2022-02-25T08:00:00Z,3.6,0
2022-02-25T09:20:00Z,3.4,0
2022-02-25T10:15:00Z,3.3,0
2022-02-25T11:00:00Z,3.3,0
2022-02-25T12:00:00Z,3.3,0
2022-02-25T13:10:00Z,3.3,0
2022-02-25T14:00:00Z,3.4,0
2022-02-25T15:10:00Z,3.4,0
2022-02-25T16:00:00Z,3.4,0
2022-02-25T17:05:00Z,3.4,0
2022-02-25T18:05:00Z,3.7,0
2022-02-25T19:05:00Z,4.0,0
2022-02-25T20:05:00Z,3.7,0
2022-02-25T21:05:00Z,3.6,0
2022-02-25T22:10:00Z,3.7,0
2022-02-25T23:00:00Z,3.5,0
2022-02-26T00:05:00Z,3.5,0
2022-02-26T01:05:00Z,3.6,0
2022-02-26T02:05:00Z,3.4,0
2022-02-26T03:00:00Z,3.4,0
2022-02-26T04:15:00Z,3.5,0
2022-02-26T05:25:00Z,3.5,0
2022-02-26T06:30:00Z,3.4,0
2022-02-26T07:00:00Z,3.4,0
2022-02-26T08:05:00Z,3.4,0
2022-02-26T09:00:00Z,3.4,0
2022-02-26T10:00:00Z,3.5,0
2022-02-26T11:00:00Z,3.5,0
2022-02-26T12:05:00Z,3.5,0
2022-02-26T13:00:00Z,3.4,0
2022-02-26T14:00:00Z,3.4,0
2022-02-26T15:00:00Z,3.4,0
2022-02-26T16:05:00Z,3.4,0
2022-02-26T17:05:00Z,3.4,0
2022-02-26T18:05:00Z,3.4,0
2022-02-26T19:00:00Z,3.3,0
2022-02-26T20:30:00Z,3.3,0
2022-02-26T21:05:00Z,3.4,0
2022-02-26T22:00:00Z,3.4,0
2022-02-26T23:20:00Z,3.3,0
2022-02-27T00:25:00Z,3.4,0
2022-02-27T01:00:00Z,3.3,0
2022-02-27T02:00:00Z,3.4,0
2022-02-27T03:45:00Z,3.5,0
2022-02-27T04:15:00Z,3.3,0
2022-02-27T05:10:00Z,3.3,0
2022-02-27T06:00:00Z,3.4,0
2022-02-27T07:00:00Z,3.5,0
2022-02-27T08:05:00Z,3.5,0
2022-02-27T09:05:00Z,3.4,0
2022-02-27T10:00:00Z,3.4,0
2022-02-27T11:00:00Z,3.4,0
2022-02-27T12:00:00Z,3.5,0
2022-02-27T13:05:00Z,3.4,0
2022-02-27T14:00:00Z,3.4,0
2022-02-27T15:00:00Z,3.4,0
2022-02-27T16:00:00Z,3.3,0
2022-02-27T17:00:00Z,3.4,0
2022-02-27T18:05:00Z,3.3,0
2022-02-27T19:05:00Z,3.4,0
2022-02-27T20:10:00Z,3.4,0
2022-02-27T21:15:00Z,3.3,0
2022-02-27T22:00:00Z,3.3,0
2022-02-27T23:05:00Z,3.4,0
2022-02-28T00:00:00Z,3.4,0
2022-02-28T00:05:00Z,3.3,0
2022-02-28T00:20:00Z,3.3,0
2022-02-28T00:25:00Z,3.4,0
2022-02-28T00:30:00Z,3.3,0
2022-02-28T00:45:00Z,3.4,0
2022-02-28T00:50:00Z,3.4,0
2022-02-28T01:00:00Z,3.4,0
2022-02-28T01:05:00Z,3.4,0
2022-02-28T01:10:00Z,3.3,0
2022-02-28T01:15:00Z,3.4,0
2022-02-28T01:25:00Z,3.3,0
2022-02-28T01:30:00Z,3.4,0
2022-02-28T01:35:00Z,3.3,0
2022-02-28T01:40:00Z,3.4,0
2022-02-28T01:45:00Z,3.3,0
2022-02-28T01:50:00Z,3.3,0
2022-02-28T01:55:00Z,3.4,0
2022-02-28T02:20:00Z,3.3,0
2022-02-28T02:25:00Z,3.4,0
2022-02-28T02:40:00Z,3.4,0
2022-02-28T02:45:00Z,3.4,0
2022-02-28T02:50:00Z,3.3,0
2022-02-28T03:05:00Z,3.4,0
2022-02-28T03:20:00Z,3.3,0
2022-02-28T03:30:00Z,3.4,0
2022-02-28T03:35:00Z,3.3,0
2022-02-28T03:40:00Z,3.4,0
2022-02-28T03:45:00Z,3.4,0
2022-02-28T03:55:00Z,3.4,0
2022-02-28T04:20:00Z,3.4,0
2022-02-28T04:50:00Z,3.3,0
2022-02-28T04:55:00Z,3.4,0
2022-02-28T05:35:00Z,3.4,0
2022-02-28T05:40:00Z,3.3,0
2022-02-28T05:45:00Z,3.5,0
2022-02-28T05:50:00Z,3.4,0
2022-02-28T05:55:00Z,3.3,0
2022-02-28T06:00:00Z,3.4,0
2022-02-28T06:05:00Z,3.4,0
2022-02-28T06:15:00Z,3.4,0
2022-02-28T06:20:00Z,3.3,0
2022-02-28T06:25:00Z,3.4,0
2022-02-28T06:30:00Z,3.4,0
2022-02-28T06:35:00Z,3.4,0
2022-02-28T06:50:00Z,3.4,0
2022-02-28T06:55:00Z,3.4,0
2022-02-28T07:35:00Z,3.3,0
2022-02-28T07:40:00Z,3.4,0
2022-02-28T07:45:00Z,3.4,0
2022-02-28T07:55:00Z,3.4,0
2022-02-28T08:15:00Z,3.4,0
2022-02-28T08:20:00Z,3.4,0
2022-02-28T08:45:00Z,3.3,0
2022-02-28T08:50:00Z,3.4,0
2022-02-28T08:55:00Z,3.4,0
2022-02-28T09:10:00Z,3.3,0
2022-02-28T09:15:00Z,3.2,0
2022-02-28T09:20:00Z,3.1,0
2022-02-28T09:35:00Z,3.1,0
2022-02-28T09:45:00Z,3.0,0
2022-02-28T10:05:00Z,2.9,0
2022-02-28T10:10:00Z,2.9,0
2022-02-28T10:15:00Z,2.9,0
2022-02-28T10:20:00Z,2.9,0
2022-02-28T10:25:00Z,2.8,0
2022-02-28T11:10:00Z,2.9,0
2022-02-28T11:15:00Z,2.9,0
2022-02-28T11:55:00Z,3.0,0
2022-02-28T12:05:00Z,3.1,0
2022-02-28T12:10:00Z,3.0,0
2022-02-28T12:15:00Z,3.0,0
2022-02-28T12:35:00Z,3.0,0
2022-02-28T12:55:00Z,3.1,0
2022-02-28T13:00:00Z,3.0,0
2022-02-28T13:05:00Z,3.0,0
2022-02-28T13:20:00Z,3.1,0
2022-02-28T13:30:00Z,3.1,0
2022-02-28T13:45:00Z,3.1,0
2022-02-28T14:00:00Z,3.1,0
2022-02-28T14:10:00Z,3.2,0
2022-02-28T14:15:00Z,3.1,0
2022-02-28T14:30:00Z,3.1,0
2022-02-28T14:55:00Z,3.2,0
2022-02-28T15:15:00Z,3.2,0
2022-02-28T15:30:00Z,3.2,0
2022-02-28T15:35:00Z,3.2,0
2022-02-28T16:15:00Z,3.4,0
2022-02-28T16:20:00Z,3.3,0
2022-02-28T16:25:00Z,3.2,0
2022-02-28T16:35:00Z,3.2,0
2022-02-28T16:40:00Z,3.3,0
2022-02-28T17:00:00Z,3.3,0
2022-02-28T17:05:00Z,3.2,0
2022-02-28T17:10:00Z,3.3,0
2022-02-28T17:25:00Z,3.3,0
2022-02-28T17:35:00Z,3.3,0
2022-02-28T17:40:00Z,3.3,0
2022-02-28T18:15:00Z,3.4,0
2022-02-28T18:40:00Z,3.3,0
2022-02-28T19:10:00Z,3.4,0
2022-02-28T19:20:00Z,3.3,0
2022-02-28T19:30:00Z,3.4,0
2022-02-28T19:35:00Z,3.3,0
2022-02-28T20:00:00Z,3.3,0
2022-02-28T20:05:00Z,3.4,0
2022-02-28T20:20:00Z,3.3,0
2022-02-28T20:30:00Z,3.4,0
2022-02-28T20:55:00Z,3.3,0
2022-02-28T21:20:00Z,3.4,0
2022-02-28T21:25:00Z,3.3,0
2022-02-28T21:40:00Z,3.4,0
2022-02-28T21:45:00Z,3.3,0
2022-02-28T22:00:00Z,3.4,0
